Case,Seed,Min.,1st,Median,Mean,3rd,Max.
Case1,2889863491989,-0.852064648169032,-0.126508435100888,0.002556612782284,0.001801809371705,0.131299163620026,0.647837431051217
Case1,4196126074995,-0.655771910922998,-0.124648947720349,0.004090360109271,0.001761774933761,0.12938267803971,0.612799358682957
Case1,4128918927628,-0.819800531671214,-0.130305297560911,0.00098924527357,-0.000433925847743,0.129631965521624,0.636923245936558
Case1,8859898358582,-0.690751372075856,-0.130564761822439,-0.00232954863649,-0.003087305939229,0.124559848536561,0.664759686182731
Case1,4592125687282,-0.677450637741053,-0.130395478566053,-0.004497626104901,-0.001969362537999,0.125110729673454,0.631691669481595
Case1,1810467011062,-0.595083300874739,-0.128325993135525,-3.95351444909439E-08,-0.001565034962757,0.126684047993072,0.677403353851172
Case1,8266232826979,-0.658382442026299,-0.124884818498313,0.003433170743312,0.001578418173517,0.127476189374388,0.673628438817747
Case1,1802264053141,-0.671825837676505,-0.126380939533074,0.00316283391501,0.001618808386194,0.128339763214524,0.756120063929263
Case1,9698520718839,-0.797090082244609,-0.130435127003542,3.64443878685537E-08,0.002048215255229,0.132542566400812,0.617818961288604
Case1,1442299973452,-0.771626575115386,-0.124254110565609,4.25607644213614E-09,0.000484159040753,0.126730323647029,0.902026718259876
Case2,4207685783970,-0.465116347093086,-0.08673560133781,2.50487710911562E-18,0.001255923332574,0.089000006823334,0.436327577723211
Case2,1749818164389,-0.537036722742525,-0.086175856025481,0,0.000982401310491,0.086363080078942,0.594482831710767
Case2,6575058632296,-0.461197465214453,-0.087052230051666,2.15753921536176E-18,0.001024508330463,0.089523831897058,0.423048081699161
Case2,4223012060392,-0.464694872208014,-0.088070320207725,-4.03178740935865E-18,-7.85338092793115E-05,0.086265547871163,0.567774973957669
Case2,1688198020681,-0.476385255826938,-0.090910300357654,0,-0.001857050531968,0.084812838326693,0.47096360424915
Case2,8676247830036,-0.448484693076696,-0.088408098696126,-4.39400976029492E-18,-0.002213722130592,0.083506054431214,0.653504497188751
Case2,6141913321101,-0.43515862221573,-0.084309480107477,5.8160437788585E-17,0.001508135246423,0.086266218562751,0.444943659731427
Case2,2213962186360,-0.464379106672479,-0.086313068085554,0,0.000892264988795,0.087442543908662,0.54030055494896
Case2,9278521810890,-0.484187146354505,-0.087011639721035,0,-0.000830120983472,0.084749657211506,0.5365280909264
Case2,8134827591478,-0.477236323986751,-0.086522344352534,7.5555101620725E-18,0.001626153583267,0.091087066345409,0.61232845410993
Case3,1881494860397,-0.838293895791879,-0.131823633368816,0.00178985223031,-0.001128983011678,0.12903631266875,0.925970767174071
Case3,8792449324158,-0.934161824109166,-0.130413129829025,-0.002393213638081,0.001032502992165,0.132186500069733,0.908031419429754
Case3,5295954239088,-0.904541017262357,-0.129719803511482,0.002352673479707,-0.000336064722076,0.128717338623392,0.855328209704201
Case3,8999846339690,-0.878939145005095,-0.129164317676026,0.000965058058429,0.000992574975228,0.130804494386852,0.915639550627651
Case3,2602608872577,-0.836769100632922,-0.135193430158747,-0.002805131128085,-0.001509166963605,0.131986592170632,0.914253667336222
Case3,9081900117452,-0.899088877198706,-0.122793241783812,0.001604223529559,0.002038356557188,0.129869991051374,0.840983155622983
Case3,1582596794702,-0.92983987150231,-0.127818626801776,-0.001442715401995,0.000149457243739,0.1288868006776,0.846389183484377
Case3,1292720835655,-0.803753303728027,-0.130038397872962,-0.00262457923565,-0.00104962079108,0.129334847959772,0.913411684447161
Case3,6099690822883,-0.784266552481654,-0.135493472233165,-0.005227386076525,-0.003898632603928,0.126252969235264,0.875179845625066
Case3,6657938631018,-0.795615008321696,-0.126752184928188,0.003752282984735,0.002912661828231,0.135711070008997,0.712852199290594
Case4,4693516184575,-0.709282453849775,-0.130514788440097,0.001078515216751,0.000529541267594,0.13131544721357,0.696051911597616
Case4,2591104706283,-0.573209320917229,-0.128252032878896,-0.00096829982599,0.000308545700479,0.129404398009755,0.618627585459124
Case4,9785941433393,-0.797399846501674,-0.126695802644799,5.05629877861699E-08,0.001652295300707,0.128621788419495,0.675116041643667
Case4,6153876761206,-0.800414090937229,-0.13115825502905,-0.001969535035815,-0.002763616020269,0.121732804524461,0.623929115860731
Case4,6004202094859,-0.631919251758768,-0.134106507704147,0.002000716032575,-0.000567836771883,0.130032814791626,0.683027301530104
Case4,5434225959004,-0.64078612838674,-0.131048394485789,8.24016614612011E-09,0.000311936616284,0.131282840787504,0.84459993728266
Case4,1723367103375,-0.725501646668923,-0.132854417172546,-0.00381507373839,-0.002894494334771,0.123812033846079,0.643555731033309
Case4,4030688734724,-0.719133165315422,-0.131276697600834,-0.002436318637366,-0.000806703897728,0.129157446466681,0.598989506614335
Case4,8748231054981,-0.799957553162155,-0.126787798426323,0.002708437659032,0.003282471834191,0.133090976347682,0.633210816196629
Case4,8435562691650,-0.649708712205638,-0.12571919707219,0.002331386265813,0.001409554007039,0.128358326276437,0.690692687450776
