"Pop","X","Y","Env_before","Env_after","Diff_env","Env_range","C.Imp_genome_before","C.Imp_genome_after","D_C.Imp_genome","C.Imp_M2_before","C.Imp_M2_after","D_C.Imp_M2","M2_AF_before","M2_AF_after","M2_AF_diff","M1_AF_before","M1_AF_after","M1_AF_diff","F_ST_genome_bef.aft.","F_ST_M2_bef.aft.","Rel_Fit_before","Rel_Fit_after","Rel_Fit_diff"
"P1",1,1,-4.5,-1.51,2.99,FALSE,-0.00370646452337392,0.046022391014006,0.0497288555373799,-0.0620940357946568,0.0382943295400187,0.100388365334676,0.005,0.31,0.305,0.322955014058107,0.325669165885661,0.305,0.0415924426480183,0.294483792720407,0.99775,0.95319,-0.04456
"P2",2,1,-3.5,-0.51,2.99,FALSE,0.00988057826019223,0.0822955369141633,0.0724149586539711,0.000554380783750761,0.487289612915915,0.486735232132164,0.015,0.405,0.39,0.322849109653233,0.325678537956888,0.39,0.0310834581833888,0.369693007059686,0.99475,0.979345,-0.015405
"P3",3,1,-2.5,0.49,2.99,FALSE,0.0239231948300906,0.147805605624123,0.123882410794032,0.0115095035104584,0.950671327052378,0.93916182354192,0.04,0.595,0.555,0.323847235238988,0.325535145267104,0.555,0.0306131289223619,0.521861447295564,0.99,1.02916,0.0391600000000001
"P4",4,1,-1.5,1.49,2.99,TRUE,0.0460224219711873,0.184291474848938,0.138269052877751,0.0386280042574738,0.977804688419029,0.939176684161556,0.135,0.88,0.745,0.32340206185567,0.326270852858482,0.745,0.0292714295363244,0.712457739213592,0.97975,1.13112,0.15137
"P5",5,1,-0.5,2.49,2.99,TRUE,0.0822956120623593,0.205902720023535,0.123607107961175,0.496105487870725,0.992557779382032,0.496452291511307,0.33,0.97,0.64,0.323744142455483,0.326238050609185,0.64,0.0260312950898616,0.618800922226203,0.9835,1.24153,0.25803
"P6",6,1,0.5,3.49,2.99,TRUE,0.147805665356192,0.219439826041578,0.0716341606853855,0.950952390143014,0.994065000321086,0.0431126101780716,0.65,0.925,0.275,0.324171508903468,0.325594189315839,0.275,0.0220425139878696,0.198969561385669,1.0325,1.32283,0.29033
"P7",7,1,1.5,4.49,2.99,TRUE,0.184291506205267,0.240581693038054,0.0562901868327874,0.978065895434218,1.05496846009812,0.0769025646639063,0.75,0.825,0.075,0.324475164011246,0.325127460168697,0.075,0.0232463713435357,0.0115974560419005,1.1125,1.37043,0.25793
"P8",8,1,2.5,5.49,2.99,FALSE,0.205902745396868,0.267755014235098,0.0618522688382301,0.992586994345061,1.17922457755005,0.186637583204985,0.915,0.515,-0.4,0.326373945641987,0.325103092783505,-0.4,0.0289705683097146,0.324493007192217,1.22875,0.975795,-0.252955
"P9",9,1,3.5,6.49,2.99,FALSE,0.219439831100422,0.294928335432143,0.0754885043317211,0.994065352521588,1.30348069500197,0.309415342480381,0.995,0.225,-0.77,0.32427366447985,0.326629803186504,-0.77,0.0393331121383074,0.766587859821916,1.34825,0.921925,-0.426325
"P10",10,1,4.5,7.49,2.99,FALSE,0.240853426250024,0.322101656629187,0.0812482303791624,1.05621102127264,1.42773681245389,0.371525791181248,1,0.035,-0.965,0.323763823805061,0.326406747891284,-0.965,0.0507185480290037,0.964777306746219,1.45,0.977355,-0.472645
"P11",1,2,-4.5,-1.51,2.99,FALSE,-0.00370646452337392,0.046022391014006,0.0497288555373799,-0.0620940357946568,0.0382943295400187,0.100388365334676,0,0.26,0.26,0.32267572633552,0.325498594189316,0.26,0.0307218254808006,0.256798756798757,1,0.96074,-0.03926
"P12",2,2,-3.5,-0.51,2.99,FALSE,0.00988057826019223,0.0822955369141633,0.0724149586539711,0.000554380783750761,0.487289612915915,0.486735232132164,0.025,0.435,0.41,0.323182755388941,0.325534208059981,0.41,0.0265904173979621,0.380340772240373,0.99125,0.977815,-0.013435
"P13",3,2,-2.5,0.49,2.99,FALSE,0.0239231948300906,0.147805605624123,0.123882410794032,0.0115095035104584,0.950671327052378,0.93916182354192,0.06,0.525,0.465,0.323823805060918,0.325857544517338,0.465,0.0267001769040267,0.411354928596308,0.985,1.02573,0.04073
"P14",4,2,-1.5,1.49,2.99,TRUE,0.0460224219711873,0.184291474848938,0.138269052877751,0.0386280042574738,0.977804688419029,0.939176684161556,0.115,0.84,0.725,0.322749765698219,0.325830365510778,0.725,0.0257367397552699,0.688603016248067,0.98275,1.12516,0.14241
"P15",5,2,-0.5,2.49,2.99,TRUE,0.0822956120623593,0.205902720023535,0.123607107961175,0.496105487870725,0.992557779382032,0.496452291511307,0.285,0.895,0.61,0.323156513589503,0.325124648547329,0.61,0.0218739776898317,0.553194104212989,0.98575,1.22285,0.2371
"P16",6,2,0.5,3.49,2.99,TRUE,0.147805665356192,0.219439826041578,0.0716341606853855,0.950952390143014,0.994065000321086,0.0431126101780716,0.59,0.88,0.29,0.323042174320525,0.324838800374883,0.29,0.0202179276507524,0.190702202750395,1.0295,1.30712,0.27762
"P17",7,2,1.5,4.49,2.99,TRUE,0.184291506205267,0.240581693038054,0.0562901868327874,0.978065895434218,1.05496846009812,0.0769025646639063,0.815,0.8,-0.0149999999999999,0.324721649484536,0.32458106841612,-0.0149999999999999,0.0201470587781867,-0.00506674461658384,1.12225,1.3592,0.23695
"P18",8,2,2.5,5.49,2.99,FALSE,0.205902745396868,0.267755014235098,0.0618522688382301,0.992586994345061,1.17922457755005,0.186637583204985,0.885,0.41,-0.475,0.324414245548266,0.324724461105904,-0.475,0.0262737019232114,0.393016765228253,1.22125,0.98073,-0.24052
"P19",9,2,3.5,6.49,2.99,FALSE,0.219439831100422,0.294928335432143,0.0754885043317211,0.994065352521588,1.30348069500197,0.309415342480381,0.96,0.125,-0.835,0.323222118088097,0.325491096532334,-0.835,0.0359059430646129,0.824039208654593,1.336,0.956625,-0.379375
"P20",10,2,4.5,7.49,2.99,FALSE,0.240853426250024,0.322101656629187,0.0812482303791624,1.05621102127264,1.42773681245389,0.371525791181248,0.995,0.015,-0.98,0.322678537956889,0.325716026241799,-0.98,0.0436846670503648,0.979749543591813,1.44775,0.990295,-0.457455
"P21",1,3,-4.5,-1.51,2.99,FALSE,-0.00370646452337392,0.046022391014006,0.0497288555373799,-0.0620940357946568,0.0382943295400187,0.100388365334676,0.01,0.275,0.265,0.322784442361762,0.32622961574508,0.265,0.0298998867820255,0.247393433439945,0.9955,0.958475,-0.0370250000000001
"P22",2,3,-3.5,-0.51,2.99,FALSE,0.00988057826019223,0.0822955369141633,0.0724149586539711,0.000554380783750761,0.487289612915915,0.486735232132164,0.015,0.5,0.485,0.323179943767573,0.324981255857545,0.485,0.0240790539326535,0.467575757575758,0.99475,0.9745,-0.02025
"P23",3,3,-2.5,0.49,2.99,FALSE,0.0239231948300906,0.147805605624123,0.123882410794032,0.0115095035104584,0.950671327052378,0.93916182354192,0.055,0.565,0.51,0.322652296157451,0.324900656044986,0.51,0.0248858097780577,0.463579054867035,0.98625,1.02769,0.04144
"P24",4,3,-1.5,1.49,2.99,TRUE,0.0460224219711873,0.184291474848938,0.138269052877751,0.0386280042574738,0.977804688419029,0.939176684161556,0.18,0.805,0.625,0.323047797563261,0.324880974695408,0.625,0.0208544837031082,0.559315828015483,0.973,1.11995,0.14695
"P25",5,3,-0.5,2.49,2.99,TRUE,0.0822956120623593,0.205902720023535,0.123607107961175,0.496105487870725,0.992557779382032,0.496452291511307,0.41,0.9,0.49,0.32340206185567,0.324593252108716,0.49,0.0184232831184195,0.416013279649643,0.9795,1.2241,0.2446
"P26",6,3,0.5,3.49,2.99,TRUE,0.147805665356192,0.219439826041578,0.0716341606853855,0.950952390143014,0.994065000321086,0.0431126101780716,0.665,0.915,0.25,0.323826616682287,0.324238050609185,0.25,0.0201938992107481,0.168103010548955,1.03325,1.31934,0.28609
"P27",7,3,1.5,4.49,2.99,TRUE,0.184291506205267,0.240581693038054,0.0562901868327874,0.978065895434218,1.05496846009812,0.0769025646639063,0.865,0.85,-0.015,0.324539831302718,0.324848172446111,-0.015,0.0201929967545164,-0.00390407138873397,1.12975,1.38165,0.2519
"P28",8,3,2.5,5.49,2.99,FALSE,0.205902745396868,0.267755014235098,0.0618522688382301,0.992586994345061,1.17922457755005,0.186637583204985,0.865,0.485,-0.38,0.323107778819119,0.325119025304592,-0.38,0.0222587575465081,0.278626365425465,1.21625,0.977205,-0.239045
"P29",9,3,3.5,6.49,2.99,FALSE,0.219439831100422,0.294928335432143,0.0754885043317211,0.994065352521588,1.30348069500197,0.309415342480381,0.985,0.15,-0.835,0.321910965323336,0.325180880974695,-0.835,0.031553914332424,0.829383772206881,1.34475,0.94795,-0.3968
"P30",10,3,4.5,7.49,2.99,FALSE,0.240853426250024,0.322101656629187,0.0812482303791624,1.05621102127264,1.42773681245389,0.371525791181248,0.99,0.03,-0.96,0.323109653233365,0.32543580131209,-0.96,0.0418963526336379,0.959200583810203,1.4455,0.98059,-0.46491
"P31",1,4,-4.5,-1.51,2.99,FALSE,-0.00370646452337392,0.046022391014006,0.0497288555373799,-0.0620940357946568,0.0382943295400187,0.100388365334676,0,0.2,0.2,0.323618556701031,0.326344892221181,0.2,0.0264650756289071,0.195959595959596,1,0.9698,-0.0302
"P32",2,4,-3.5,-0.51,2.99,FALSE,0.00988057826019223,0.0822955369141633,0.0724149586539711,0.000554380783750761,0.487289612915915,0.486735232132164,0,0.375,0.375,0.322957825679475,0.325299906279288,0.375,0.0207283053286504,0.371851851851852,1,0.980875,-0.0191249999999999
"P33",3,4,-2.5,0.49,2.99,FALSE,0.0239231948300906,0.147805605624123,0.123882410794032,0.0115095035104584,0.950671327052378,0.93916182354192,0.075,0.65,0.575,0.322453608247423,0.324369259606373,0.575,0.0202539285459021,0.524246448549237,0.98125,1.03185,0.0506
"P34",4,4,-1.5,1.49,2.99,TRUE,0.0460224219711873,0.184291474848938,0.138269052877751,0.0386280042574738,0.977804688419029,0.939176684161556,0.2,0.815,0.615,0.322365510777882,0.325261480787254,0.615,0.0215014813169634,0.54670067877615,0.97,1.12144,0.15144
"P35",5,4,-0.5,2.49,2.99,TRUE,0.0822956120623593,0.205902720023535,0.123607107961175,0.496105487870725,0.992557779382032,0.496452291511307,0.415,0.895,0.48,0.322563261480787,0.324641049671977,0.48,0.0188171220177313,0.402826644297155,0.97925,1.22285,0.2436
"P36",6,4,0.5,3.49,2.99,TRUE,0.147805665356192,0.219439826041578,0.0716341606853855,0.950952390143014,0.994065000321086,0.0431126101780716,0.68,0.895,0.215,0.323006560449859,0.325265229615745,0.215,0.0161899212272776,0.125266076076585,1.034,1.31236,0.27836
"P37",7,4,1.5,4.49,2.99,TRUE,0.184291506205267,0.240581693038054,0.0562901868327874,0.978065895434218,1.05496846009812,0.0769025646639063,0.855,0.835,-0.02,0.325175257731959,0.324723523898782,-0.02,0.0198102220513693,-0.00355066977229861,1.12825,1.37492,0.24667
"P38",8,4,2.5,5.49,2.99,FALSE,0.205902745396868,0.267755014235098,0.0618522688382301,0.992586994345061,1.17922457755005,0.186637583204985,0.955,0.5,-0.455,0.324040299906279,0.323536082474227,-0.455,0.0230048515305912,0.410707070707071,1.23875,0.9765,-0.26225
"P39",9,4,3.5,6.49,2.99,FALSE,0.219439831100422,0.294928335432143,0.0754885043317211,0.994065352521588,1.30348069500197,0.309415342480381,0.98,0.165,-0.815,0.323036551077788,0.324731021555764,-0.815,0.029397598306118,0.807593953163573,1.343,0.942745,-0.400255
"P40",10,4,4.5,7.49,2.99,FALSE,0.240853426250024,0.322101656629187,0.0812482303791624,1.05621102127264,1.42773681245389,0.371525791181248,0.975,0.035,-0.94,0.323821930646673,0.325657919400187,-0.94,0.0415410087368625,0.937951321014767,1.43875,0.977355,-0.461395
"P41",1,5,-4.5,-1.51,2.99,FALSE,-0.00370646452337392,0.046022391014006,0.0497288555373799,-0.0620940357946568,0.0382943295400187,0.100388365334676,0,0.2,0.2,0.323875351452671,0.325967197750703,0.2,0.0250522235410527,0.194949494949495,1,0.9698,-0.0302
"P42",2,5,-3.5,-0.51,2.99,FALSE,0.00988057826019223,0.0822955369141633,0.0724149586539711,0.000554380783750761,0.487289612915915,0.486735232132164,0.01,0.37,0.36,0.323042174320525,0.324678537956888,0.36,0.0205714569389262,0.343678329185576,0.9965,0.98113,-0.0153700000000001
"P43",3,5,-2.5,0.49,2.99,FALSE,0.0239231948300906,0.147805605624123,0.123882410794032,0.0115095035104584,0.950671327052378,0.93916182354192,0.065,0.6,0.535,0.322540768509841,0.32385473289597,0.535,0.0194809376210036,0.485227057629102,0.98375,1.0294,0.0456500000000001
"P44",4,5,-1.5,1.49,2.99,TRUE,0.0460224219711873,0.184291474848938,0.138269052877751,0.0386280042574738,0.977804688419029,0.939176684161556,0.145,0.78,0.635,0.322846298031865,0.324759137769447,0.635,0.0192768455798942,0.57495678016571,0.97825,1.11622,0.13797
"P45",5,5,-0.5,2.49,2.99,TRUE,0.0822956120623593,0.205902720023535,0.123607107961175,0.496105487870725,0.992557779382032,0.496452291511307,0.33,0.845,0.515,0.321628865979381,0.325230552952202,0.515,0.01897703559593,0.426714905412459,0.9835,1.2104,0.2269
"P46",6,5,0.5,3.49,2.99,TRUE,0.147805665356192,0.219439826041578,0.0716341606853855,0.950952390143014,0.994065000321086,0.0431126101780716,0.65,0.89,0.24,0.32230084348641,0.325342080599813,0.24,0.016646551818265,0.146161352427671,1.0325,1.31061,0.27811
"P47",7,5,1.5,4.49,2.99,TRUE,0.184291506205267,0.240581693038054,0.0562901868327874,0.978065895434218,1.05496846009812,0.0769025646639063,0.805,0.795,-0.01,0.323115276476101,0.324186504217432,-0.01,0.0168640826044144,-0.00568250857268199,1.12075,1.35696,0.23621
"P48",8,5,2.5,5.49,2.99,FALSE,0.205902745396868,0.267755014235098,0.0618522688382301,0.992586994345061,1.17922457755005,0.186637583204985,0.935,0.45,-0.485,0.323497656982193,0.323764761012184,-0.485,0.0220268169606495,0.430366219694647,1.23375,0.97885,-0.2549
"P49",9,5,3.5,6.49,2.99,FALSE,0.219439831100422,0.294928335432143,0.0754885043317211,0.994065352521588,1.30348069500197,0.309415342480381,0.98,0.21,-0.77,0.322938144329897,0.324107778819119,-0.77,0.0295184590012868,0.760516262314823,1.343,0.92713,-0.41587
"P50",10,5,4.5,7.49,2.99,FALSE,0.240853426250024,0.322101656629187,0.0812482303791624,1.05621102127264,1.42773681245389,0.371525791181248,0.995,0.03,-0.965,0.324184629803187,0.325719775070291,-0.965,0.0388395758730007,0.964526650531002,1.44775,0.98059,-0.46716
"P51",1,6,-4.5,-1.51,2.99,FALSE,-0.00370646452337392,0.046022391014006,0.0497288555373799,-0.0620940357946568,0.0382943295400187,0.100388365334676,0,0.29,0.29,0.324447985004686,0.325402999062793,0.29,0.0246673800656794,0.285788923719958,1,0.95621,-0.04379
"P52",2,6,-3.5,-0.51,2.99,FALSE,0.00988057826019223,0.0822955369141633,0.0724149586539711,0.000554380783750761,0.487289612915915,0.486735232132164,0.005,0.375,0.37,0.322979381443299,0.324356138706654,0.37,0.0199422954289095,0.360649686231082,0.99825,0.980875,-0.0173749999999999
"P53",3,6,-2.5,0.49,2.99,FALSE,0.0239231948300906,0.147805605624123,0.123882410794032,0.0115095035104584,0.950671327052378,0.93916182354192,0.06,0.56,0.5,0.322357075913777,0.324116213683224,0.5,0.0195599653383612,0.449359733368416,0.985,1.02744,0.0424399999999999
"P54",4,6,-1.5,1.49,2.99,TRUE,0.0460224219711873,0.184291474848938,0.138269052877751,0.0386280042574738,0.977804688419029,0.939176684161556,0.16,0.77,0.61,0.322645735707591,0.323366447985005,0.61,0.0213118472614381,0.541937809930788,0.976,1.11473,0.13873
"P55",5,6,-0.5,2.49,2.99,TRUE,0.0822956120623593,0.205902720023535,0.123607107961175,0.496105487870725,0.992557779382032,0.496452291511307,0.28,0.84,0.56,0.322104029990628,0.32459137769447,0.56,0.018942976923682,0.480177389660148,0.986,1.20916,0.22316
"P56",6,6,0.5,3.49,2.99,TRUE,0.147805665356192,0.219439826041578,0.0716341606853855,0.950952390143014,0.994065000321086,0.0431126101780716,0.63,0.84,0.21,0.321985004686036,0.324942830365511,0.21,0.0159649150508958,0.102173336867214,1.0315,1.29316,0.26166
"P57",7,6,1.5,4.49,2.99,TRUE,0.184291506205267,0.240581693038054,0.0562901868327874,0.978065895434218,1.05496846009812,0.0769025646639063,0.84,0.84,0,0.323588566073102,0.325107778819119,0,0.0179398876224189,NA,1.126,1.37716,0.25116
"P58",8,6,2.5,5.49,2.99,FALSE,0.205902745396868,0.267755014235098,0.0618522688382301,0.992586994345061,1.17922457755005,0.186637583204985,0.955,0.45,-0.505,0.32293252108716,0.32338519212746,-0.505,0.0224911845769177,0.46467424010962,1.23875,0.97885,-0.2599
"P59",9,6,3.5,6.49,2.99,FALSE,0.219439831100422,0.294928335432143,0.0754885043317211,0.994065352521588,1.30348069500197,0.309415342480381,0.985,0.155,-0.83,0.324344892221181,0.323683223992502,-0.83,0.0295802612787901,0.82445917268897,1.34475,0.946215,-0.398535
"P60",10,6,4.5,7.49,2.99,FALSE,0.240853426250024,0.322101656629187,0.0812482303791624,1.05621102127264,1.42773681245389,0.371525791181248,1,0.07,-0.93,0.323138706654171,0.325166822867854,-0.93,0.0360864918009817,0.929673074834365,1.45,0.95471,-0.49529
"P61",1,7,-4.5,-1.51,2.99,FALSE,-0.00370646452337392,0.046022391014006,0.0497288555373799,-0.0620940357946568,0.0382943295400187,0.100388365334676,0,0.275,0.275,0.323333645735708,0.324653233364574,0.275,0.0242079504634811,0.271441689623508,1,0.958475,-0.041525
"P62",2,7,-3.5,-0.51,2.99,FALSE,0.00988057826019223,0.0822955369141633,0.0724149586539711,0.000554380783750761,0.487289612915915,0.486735232132164,0.02,0.355,0.335,0.322930646672915,0.325534208059981,0.335,0.0219087527001959,0.307795247373961,0.993,0.981895,-0.011105
"P63",3,7,-2.5,0.49,2.99,FALSE,0.0239231948300906,0.147805605624123,0.123882410794032,0.0115095035104584,0.950671327052378,0.93916182354192,0.075,0.535,0.46,0.323766635426429,0.324411433926898,0.46,0.019907028035822,0.396513506942955,0.98125,1.02622,0.04497
"P64",4,7,-1.5,1.49,2.99,TRUE,0.0460224219711873,0.184291474848938,0.138269052877751,0.0386280042574738,0.977804688419029,0.939176684161556,0.17,0.83,0.66,0.32285473289597,0.324633552014995,0.66,0.0217943642669351,0.604993934890842,0.9745,1.12367,0.14917
"P65",5,7,-0.5,2.49,2.99,TRUE,0.0822956120623593,0.205902720023535,0.123607107961175,0.496105487870725,0.992557779382032,0.496452291511307,0.36,0.915,0.555,0.32256419868791,0.325269915651359,0.555,0.0202793917360647,0.497326396060573,0.982,1.22783,0.24583
"P66",6,7,0.5,3.49,2.99,TRUE,0.147805665356192,0.219439826041578,0.0716341606853855,0.950952390143014,0.994065000321086,0.0431126101780716,0.6,0.895,0.295,0.322751640112465,0.325164011246485,0.295,0.0167757691327485,0.202596031574654,1.03,1.31235,0.28235
"P67",7,7,1.5,4.49,2.99,TRUE,0.184291506205267,0.240581693038054,0.0562901868327874,0.978065895434218,1.05496846009812,0.0769025646639063,0.84,0.825,-0.015,0.32341893158388,0.324012183692596,-0.015,0.0170679752290571,-0.00376525107707904,1.126,1.37043,0.24443
"P68",8,7,2.5,5.49,2.99,FALSE,0.205902745396868,0.267755014235098,0.0618522688382301,0.992586994345061,1.17922457755005,0.186637583204985,0.955,0.43,-0.525,0.322610121836926,0.324047797563261,-0.525,0.0238405103286931,0.486348315512765,1.23875,0.97979,-0.25896
"P69",9,7,3.5,6.49,2.99,FALSE,0.219439831100422,0.294928335432143,0.0754885043317211,0.994065352521588,1.30348069500197,0.309415342480381,0.995,0.14,-0.855,0.321785379568885,0.323406747891284,-0.855,0.0327901352326485,0.852742747418133,1.34825,0.95142,-0.39683
"P70",10,7,4.5,7.49,2.99,FALSE,0.240853426250024,0.322101656629187,0.0812482303791624,1.05621102127264,1.42773681245389,0.371525791181248,1,0.04,-0.96,0.322662605435801,0.324382380506092,-0.96,0.0390483439106955,0.959806397306397,1.45,0.97412,-0.47588
"P71",1,8,-4.5,-1.51,2.99,FALSE,-0.00370646452337392,0.046022391014006,0.0497288555373799,-0.0620940357946568,0.0382943295400187,0.100388365334676,0.005,0.165,0.16,0.322763823805061,0.325131208997188,0.16,0.0271945635121724,0.147999147999148,0.99775,0.975085,-0.022665
"P72",2,8,-3.5,-0.51,2.99,FALSE,0.00988057826019223,0.0822955369141633,0.0724149586539711,0.000554380783750761,0.487289612915915,0.486735232132164,0.015,0.34,0.325,0.323314901593252,0.32501686972821,0.325,0.0221035828858695,0.302918980993227,0.99475,0.98266,-0.01209
"P73",3,8,-2.5,0.49,2.99,FALSE,0.0239231948300906,0.147805605624123,0.123882410794032,0.0115095035104584,0.950671327052378,0.93916182354192,0.045,0.55,0.505,0.323265229615745,0.325642924086223,0.505,0.0215224476940026,0.464489070355248,0.98875,1.02695,0.0382
"P74",4,8,-1.5,1.49,2.99,TRUE,0.0460224219711873,0.184291474848938,0.138269052877751,0.0386280042574738,0.977804688419029,0.939176684161556,0.135,0.79,0.655,0.323327085285848,0.324599812558575,0.655,0.0214974856010411,0.600827723632276,0.97975,1.11771,0.13796
"P75",5,8,-0.5,2.49,2.99,TRUE,0.0822956120623593,0.205902720023535,0.123607107961175,0.496105487870725,0.992557779382032,0.496452291511307,0.345,0.885,0.54,0.322461105904405,0.32540206185567,0.54,0.0199550697337189,0.468161880368226,0.98275,1.22036,0.23761
"P76",6,8,0.5,3.49,2.99,TRUE,0.147805665356192,0.219439826041578,0.0716341606853855,0.950952390143014,0.994065000321086,0.0431126101780716,0.605,0.915,0.31,0.32291565135895,0.325903467666354,0.31,0.0165493485439314,0.229426394256236,1.03025,1.31934,0.28909
"P77",7,8,1.5,4.49,2.99,TRUE,0.184291506205267,0.240581693038054,0.0562901868327874,0.978065895434218,1.05496846009812,0.0769025646639063,0.775,0.845,0.07,0.322506091846298,0.324858481724461,0.07,0.0166439327934039,0.0108986724619279,1.11625,1.37941,0.26316
"P78",8,8,2.5,5.49,2.99,FALSE,0.205902745396868,0.267755014235098,0.0618522688382301,0.992586994345061,1.17922457755005,0.186637583204985,0.91,0.42,-0.49,0.322698219306467,0.324210871602624,-0.49,0.0252596609186239,0.421460003143171,1.2275,0.98026,-0.24724
"P79",9,8,3.5,6.49,2.99,FALSE,0.219439831100422,0.294928335432143,0.0754885043317211,0.994065352521588,1.30348069500197,0.309415342480381,0.97,0.15,-0.82,0.32261480787254,0.324178069353327,-0.82,0.0319149625881728,0.809981601296438,1.3395,0.94795,-0.39155
"P80",10,8,4.5,7.49,2.99,FALSE,0.240853426250024,0.322101656629187,0.0812482303791624,1.05621102127264,1.42773681245389,0.371525791181248,0.99,0.03,-0.96,0.322318650421743,0.322877225866917,-0.96,0.0417986717907551,0.959200583810203,1.4455,0.98059,-0.46491
"P81",1,9,-4.5,-1.51,2.99,FALSE,-0.00370646452337392,0.046022391014006,0.0497288555373799,-0.0620940357946568,0.0382943295400187,0.100388365334676,0.005,0.155,0.15,0.32189878163074,0.325171508903468,0.15,0.0306781004368754,0.138115136852909,0.99775,0.976595,-0.021155
"P82",2,9,-3.5,-0.51,2.99,FALSE,0.00988057826019223,0.0822955369141633,0.0724149586539711,0.000554380783750761,0.487289612915915,0.486735232132164,0.005,0.365,0.36,0.323261480787254,0.325112464854733,0.36,0.0257510010863773,0.349851731454024,0.99825,0.981385,-0.016865
"P83",3,9,-2.5,0.49,2.99,FALSE,0.0239231948300906,0.147805605624123,0.123882410794032,0.0115095035104584,0.950671327052378,0.93916182354192,0.045,0.555,0.51,0.322805060918463,0.326142455482662,0.51,0.024495881448161,0.470571545837431,0.98875,1.0272,0.0384499999999999
"P84",4,9,-1.5,1.49,2.99,TRUE,0.0460224219711873,0.184291474848938,0.138269052877751,0.0386280042574738,0.977804688419029,0.939176684161556,0.22,0.81,0.59,0.321562324273664,0.32582099343955,0.59,0.0228155400965691,0.514443724657501,0.967,1.12069,0.15369
"P85",5,9,-0.5,2.49,2.99,TRUE,0.0822956120623593,0.205902720023535,0.123607107961175,0.496105487870725,0.992557779382032,0.496452291511307,0.415,0.92,0.505,0.322721649484536,0.326444236176195,0.505,0.0216581955155846,0.443595917169596,0.97925,1.22908,0.24983
"P86",6,9,0.5,3.49,2.99,TRUE,0.147805665356192,0.219439826041578,0.0716341606853855,0.950952390143014,0.994065000321086,0.0431126101780716,0.6,0.865,0.265,0.322981255857545,0.325749765698219,0.265,0.0191053438935628,0.160220471695882,1.03,1.30188,0.27188
"P87",7,9,1.5,4.49,2.99,TRUE,0.184291506205267,0.240581693038054,0.0562901868327874,0.978065895434218,1.05496846009812,0.0769025646639063,0.76,0.725,-0.035,0.321975632614808,0.324289597000937,-0.035,0.0188431430849486,-0.00205712477252947,1.114,1.32553,0.21153
"P88",8,9,2.5,5.49,2.99,FALSE,0.205902745396868,0.267755014235098,0.0618522688382301,0.992586994345061,1.17922457755005,0.186637583204985,0.88,0.41,-0.47,0.322487347703843,0.32419587628866,-0.47,0.0253895383791819,0.384947291351232,1.22,0.98073,-0.23927
"P89",9,9,3.5,6.49,2.99,FALSE,0.219439831100422,0.294928335432143,0.0754885043317211,0.994065352521588,1.30348069500197,0.309415342480381,0.985,0.12,-0.865,0.321694470477976,0.324364573570759,-0.865,0.0370138311159355,0.860683742792884,1.34475,0.95836,-0.38639
"P90",10,9,4.5,7.49,2.99,FALSE,0.240853426250024,0.322101656629187,0.0812482303791624,1.05621102127264,1.42773681245389,0.371525791181248,0.97,0.03,-0.94,0.323731021555764,0.323522024367385,-0.94,0.0459004312129914,0.937793736901828,1.4365,0.98059,-0.45591
"P91",1,10,-4.5,-1.51,2.99,FALSE,-0.00370646452337392,0.046022391014006,0.0497288555373799,-0.0620940357946568,0.0382943295400187,0.100388365334676,0,0.15,0.15,0.321448922211809,0.324156513589503,0.15,0.0400338459374271,0.145454545454546,1,0.97735,-0.0226499999999999
"P92",2,10,-3.5,-0.51,2.99,FALSE,0.00988057826019223,0.0822955369141633,0.0724149586539711,0.000554380783750761,0.487289612915915,0.486735232132164,0.01,0.355,0.345,0.321653233364574,0.324304592314902,0.345,0.0351913681354811,0.32970385610788,0.9965,0.981895,-0.0146050000000001
"P93",3,10,-2.5,0.49,2.99,FALSE,0.0239231948300906,0.147805605624123,0.123882410794032,0.0115095035104584,0.950671327052378,0.93916182354192,0.045,0.58,0.535,0.322627928772259,0.324693533270853,0.535,0.0299336974580907,0.496801111675413,0.98875,1.02842,0.0396699999999999
"P94",4,10,-1.5,1.49,2.99,TRUE,0.0460224219711873,0.184291474848938,0.138269052877751,0.0386280042574738,0.977804688419029,0.939176684161556,0.23,0.825,0.595,0.321445173383318,0.32461480787254,0.595,0.0283416033864785,0.521641283299314,0.9655,1.12293,0.15743
"P95",5,10,-0.5,2.49,2.99,TRUE,0.0822956120623593,0.205902720023535,0.123607107961175,0.496105487870725,0.992557779382032,0.496452291511307,0.395,0.87,0.475,0.322237113402062,0.326367385192127,0.475,0.0254624038497704,0.387504961332207,0.98025,1.21663,0.23638
"P96",6,10,0.5,3.49,2.99,TRUE,0.147805665356192,0.219439826041578,0.0716341606853855,0.950952390143014,0.994065000321086,0.0431126101780716,0.58,0.885,0.305,0.322215557638238,0.324889409559513,0.305,0.0215038457287609,0.208439320209393,1.029,1.30887,0.27987
"P97",7,10,1.5,4.49,2.99,TRUE,0.184291506205267,0.240581693038054,0.0562901868327874,0.978065895434218,1.05496846009812,0.0769025646639063,0.82,0.805,-0.0149999999999999,0.322574507966261,0.32489878163074,-0.0149999999999999,0.0233414807898709,-0.00430154564012832,1.123,1.36145,0.23845
"P98",8,10,2.5,5.49,2.99,FALSE,0.205902745396868,0.267755014235098,0.0618522688382301,0.992586994345061,1.17922457755005,0.186637583204985,0.91,0.48,-0.43,0.321688847235239,0.325194001874414,-0.43,0.0293139267552229,0.354309946873851,1.2275,0.97744,-0.25006
"P99",9,10,3.5,6.49,2.99,FALSE,0.219439831100422,0.294928335432143,0.0754885043317211,0.994065352521588,1.30348069500197,0.309415342480381,0.98,0.115,-0.865,0.322224929709466,0.323574507966261,-0.865,0.0457580680698308,0.859682380381552,1.343,0.960095,-0.382905
"P100",10,10,4.5,7.49,2.99,FALSE,0.240853426250024,0.322101656629187,0.0812482303791624,1.05621102127264,1.42773681245389,0.371525791181248,0.99,0.02,-0.97,0.322634489222118,0.322884723523899,-0.97,0.0513648527336374,0.969449232639669,1.4455,0.98706,-0.45844
