"Pop","X","Y","Pop_size","Env_before","Env_after","Diff_env","Env_range","C.Imp_genome_before","C.Imp_genome_after","D_C.Imp_genome","gfM2Trans1","gfM2Trans2","M2offset","M2_AF_before","M2_AF_after","M2_AF_diff","M1_AF_before","M1_AF_after","M1_AF_diff","F_ST_genome_bef.aft.","F_ST_M2_bef.aft.","Rel_Fit_before","Rel_Fit_after","Rel_Fit_diff"
"P1",1,1,10,-4.5,-1.5,3,FALSE,0.00161900863723015,0.0204657428345613,0.0188467341973312,0,0,0,0,0,0,0.310395061728395,0.293277969288624,-0.0171170924397708,0.0404815724485094,0,1,1,0
"P2",2,1,10,-3.5,-0.5,3,FALSE,0.0101658633783789,0.0236929422253428,0.0135270788469639,0,0,0,0,0,0,0.310395061728395,0.295886869319962,-0.0145081924084327,0.0398485775623272,0,1,1,0
"P3",3,1,50,-2.5,0.5,3,FALSE,0.0171419913627607,0.0311281964119069,0.0139862050491462,0,0,0,0,0,0,0.310967901234568,0.294946725164525,-0.0160211760700427,0.0346939260604115,0,1,1,0
"P4",4,1,50,-1.5,1.5,3,TRUE,0.0204657428345613,0.0370041877595291,0.0165384449249677,0,0,0,0,0,0,0.311111111111111,0.294442181134441,-0.0166689299766705,0.0345872826441558,0,1,1,0
"P5",5,1,95,-0.5,2.5,3,TRUE,0.0236929422253428,0.0517869624661992,0.0280940202408564,0,0,0,0,0,0,0.311480181936322,0.295182998235168,-0.0162971837011543,0.0351731217084885,0,1,1,0
"P6",6,1,95,0.5,3.5,3,TRUE,0.0311281964119069,0.0839976773070248,0.0528694808951179,0,0,0,0,0,0,0.311523500108295,0.293997097098748,-0.0175264030095473,0.0328560276684185,0,1,1,0
"P7",7,1,145,1.5,4.5,3,TRUE,0.0370041877595291,0.155459018166564,0.118454830407035,0,0,0,0,0,0,0.311604370654179,0.295038848485503,-0.0165655221686756,0.039159581767237,0,1,1,0
"P8",8,1,145,2.5,5.5,3,FALSE,0.0517869624661992,0.172552352558713,0.120765390092513,0,0,0,0,0,0,0.310672910458351,0.29639719469629,-0.0142757157620608,0.0612175182838714,0,1,1,0
"P9",9,1,200,3.5,6.5,3,FALSE,0.0839976773070248,0.189645686950861,0.105648009643836,0,0,0,0,0,0,0.310974074074074,0.297404810404262,-0.0135692636698121,0.0743896572891395,0,1,1,0
"P10",10,1,200,4.5,7.5,3,FALSE,0.155459018166564,0.206739021343009,0.0512800031764447,0,0,0,0,0,0,0.313547325102881,0.300141021623316,-0.0134063034795651,0.128295401740264,0,1,1,0
"P11",1,2,10,-4.5,-1.5,3,FALSE,0.00161900863723015,0.0204657428345613,0.0188467341973312,0,0,0,0,0,0,0.311728395061728,0.29410842995926,-0.017619965102468,0.0345304320849098,0,1,1,0
"P12",2,2,10,-3.5,-0.5,3,FALSE,0.0101658633783789,0.0236929422253428,0.0135270788469639,0,0,0,0,0,0,0.308172839506173,0.295816358508305,-0.0123564809978682,0.0349272107546957,0,1,1,0
"P13",3,2,50,-2.5,0.5,3,FALSE,0.0171419913627607,0.0311281964119069,0.0139862050491462,0,0,0,0,0,0,0.310330864197531,0.296389846443121,-0.0139410177544096,0.0272395397563593,0,1,1,0
"P14",4,2,50,-1.5,1.5,3,TRUE,0.0204657428345613,0.0370041877595291,0.0165384449249677,0,0,0,0,0,0,0.310521810699588,0.295888436226888,-0.0146333744727003,0.0268800152966476,0,1,1,0
"P15",5,2,95,-0.5,2.5,3,TRUE,0.0236929422253428,0.0517869624661992,0.0280940202408564,0,0,0,0,0,0,0.310577431232402,0.296151181777697,-0.0144262494547049,0.0280281718367295,0,1,1,0
"P16",6,2,95,0.5,3.5,3,TRUE,0.0311281964119069,0.0839976773070248,0.0528694808951179,0,0,0,0,0,0,0.311286982889322,0.295879859473189,-0.0154071234161327,0.0289029433682673,0,1,1,0
"P17",7,2,145,1.5,4.5,3,TRUE,0.0370041877595291,0.155459018166564,0.118454830407035,0,0,0,0,0,0,0.31089484887186,0.295741255038416,-0.0151535938334441,0.0348399855129046,0,1,1,0
"P18",8,2,145,2.5,5.5,3,FALSE,0.0517869624661992,0.172552352558713,0.120765390092513,0,0,0,0,0,0,0.309828863346105,0.295374382692703,-0.0144544806534022,0.0446508964734592,0,1,1,0
"P19",9,2,200,3.5,6.5,3,FALSE,0.0839976773070248,0.189645686950861,0.105648009643836,0,0,0,0,0,0,0.311372016460905,0.297203071137574,-0.0141689453233309,0.0564988987990826,0,1,1,0
"P20",10,2,200,4.5,7.5,3,FALSE,0.155459018166564,0.206739021343009,0.0512800031764447,0,0,0,0,0,0,0.313814403292181,0.299707771858352,-0.0141066314338295,0.1161965176745,0,1,1,0
"P21",1,3,10,-4.5,-1.5,3,FALSE,0.00161900863723015,0.0204657428345613,0.0188467341973312,0,0,0,0,0,0,0.310534979423868,0.29670949545597,-0.0138254839678984,0.0307958469063358,0,1,1,0
"P22",2,3,10,-3.5,-0.5,3,FALSE,0.0101658633783789,0.0236929422253428,0.0135270788469639,0,0,0,0,0,0,0.309094650205761,0.296184581635851,-0.0129100685699105,0.0314661304251136,0,1,1,0
"P23",3,3,50,-2.5,0.5,3,FALSE,0.0171419913627607,0.0311281964119069,0.0139862050491462,0,0,0,0,0,0,0.308961316872428,0.294968661861485,-0.0139926550109426,0.0249622866358147,0,1,1,0
"P24",4,3,50,-1.5,1.5,3,TRUE,0.0204657428345613,0.0370041877595291,0.0165384449249677,0,0,0,0,0,0,0.308730864197531,0.29517235976183,-0.0135585044357007,0.0245606651832409,0,1,1,0
"P25",5,3,95,-0.5,2.5,3,TRUE,0.0236929422253428,0.0517869624661992,0.0280940202408564,0,0,0,0,0,0,0.309436430582629,0.295333916112751,-0.0141025144698781,0.0269769245801157,0,1,1,0
"P26",6,3,95,0.5,3.5,3,TRUE,0.0311281964119069,0.0839976773070248,0.0528694808951179,0,0,0,0,0,0,0.310739441195582,0.296231176499695,-0.0145082646958867,0.0244511439432604,0,1,1,0
"P27",7,3,145,1.5,4.5,3,TRUE,0.0370041877595291,0.155459018166564,0.118454830407035,0,0,0,0,0,0,0.310156378600823,0.295860123839678,-0.0142962547611447,0.0281419793639895,0,1,1,0
"P28",8,3,145,2.5,5.5,3,FALSE,0.0517869624661992,0.172552352558713,0.120765390092513,0,0,0,0,0,0,0.310164892862211,0.296410162201882,-0.0137547306603285,0.0382555903337315,0,1,1,0
"P29",9,3,200,3.5,6.5,3,FALSE,0.0839976773070248,0.189645686950861,0.105648009643836,0,0,0,0,0,0,0.310968724279835,0.297206204951426,-0.0137625193284095,0.0494035934349511,0,1,1,0
"P30",10,3,200,4.5,7.5,3,FALSE,0.155459018166564,0.206739021343009,0.0512800031764447,0,0,0,0,0,0,0.314027983539095,0.298793481667189,-0.0152345018719057,0.0939843355898662,0,1,1,0
"P31",1,4,10,-4.5,-1.5,3,FALSE,0.00161900863723015,0.0204657428345613,0.0188467341973312,0,0,0,0,0,0,0.309374485596708,0.295581322469445,-0.0137931631272625,0.0271992616744068,0,1,1,0
"P32",2,4,10,-3.5,-0.5,3,FALSE,0.0101658633783789,0.0236929422253428,0.0135270788469639,0,0,0,0,0,0,0.307679012345679,0.296223754308994,-0.011455258036685,0.0289778832908225,0,1,1,0
"P33",3,4,50,-2.5,0.5,3,FALSE,0.0171419913627607,0.0311281964119069,0.0139862050491462,0,0,0,0,0,0,0.30916049382716,0.295603259166406,-0.013557234660755,0.0242755723203266,0,1,1,0
"P34",4,4,50,-1.5,1.5,3,TRUE,0.0204657428345613,0.0370041877595291,0.0165384449249677,0,0,0,0,0,0,0.308665020576132,0.294678784080226,-0.0139862364959061,0.0231861711568621,0,1,1,0
"P35",5,4,95,-0.5,2.5,3,TRUE,0.0236929422253428,0.0517869624661992,0.0280940202408564,0,0,0,0,0,0,0.309077756118692,0.295339688927741,-0.0137380671909509,0.0232576932610783,0,1,1,0
"P36",6,4,95,0.5,3.5,3,TRUE,0.0311281964119069,0.0839976773070248,0.0528694808951179,0,0,0,0,0,0,0.308927008880225,0.295034554421152,-0.0138924544590736,0.0225344456120613,0,1,1,0
"P37",7,4,145,1.5,4.5,3,TRUE,0.0370041877595291,0.155459018166564,0.118454830407035,0,0,0,0,0,0,0.309744855967078,0.295759625671339,-0.0139852302957396,0.0264268089445035,0,1,1,0
"P38",8,4,145,2.5,5.5,3,FALSE,0.0517869624661992,0.172552352558713,0.120765390092513,0,0,0,0,0,0,0.30926124592025,0.2962140286798,-0.0130472172404499,0.0323289632578675,0,1,1,0
"P39",9,4,200,3.5,6.5,3,FALSE,0.0839976773070248,0.189645686950861,0.105648009643836,0,0,0,0,0,0,0.311158436213992,0.297635537449076,-0.0135228987649162,0.0385584514685897,0,1,1,0
"P40",10,4,200,4.5,7.5,3,FALSE,0.155459018166564,0.206739021343009,0.0512800031764447,0,0,0,0,0,0,0.314230452674897,0.298251723597618,-0.0159787290772788,0.0784951114442779,0,1,1,0
"P41",1,5,10,-4.5,-1.5,3,FALSE,0.00161900863723015,0.0204657428345613,0.0188467341973312,0,0,0,0,0,0,0.307061728395062,0.295126919460984,-0.0119348089340777,0.0279537789039899,0,1,1,0
"P42",2,5,10,-3.5,-0.5,3,FALSE,0.0101658633783789,0.0236929422253428,0.0135270788469639,0,0,0,0,0,0,0.309283950617284,0.294594171106236,-0.0146897795110477,0.0263388857241015,0,1,1,0
"P43",3,5,50,-2.5,0.5,3,FALSE,0.0171419913627607,0.0311281964119069,0.0139862050491462,0,0,0,0,0,0,0.309529218106996,0.295626762770291,-0.0139024553367045,0.025190115702516,0,1,1,0
"P44",4,5,50,-1.5,1.5,3,TRUE,0.0204657428345613,0.0370041877595291,0.0165384449249677,0,0,0,0,0,0,0.308915226337449,0.29535568787214,-0.0135595384653082,0.0257738308503877,0,1,1,0
"P45",5,5,95,-0.5,2.5,3,TRUE,0.0236929422253428,0.0517869624661992,0.0280940202408564,0,0,0,0,0,0,0.308414988087503,0.295355357996998,-0.0130596300905046,0.0244018414666456,0,1,1,0
"P46",6,5,95,0.5,3.5,3,TRUE,0.0311281964119069,0.0839976773070248,0.0528694808951179,0,0,0,0,0,0,0.309199913363656,0.295131867588118,-0.0140680457755382,0.0221388364876458,0,1,1,0
"P47",7,5,145,1.5,4.5,3,TRUE,0.0370041877595291,0.155459018166564,0.118454830407035,0,0,0,0,0,0,0.308371789413935,0.295509460875955,-0.01286232853798,0.0235705489247529,0,1,1,0
"P48",8,5,145,2.5,5.5,3,FALSE,0.0517869624661992,0.172552352558713,0.120765390092513,0,0,0,0,0,0,0.309132396764581,0.295787181620722,-0.0133452151438586,0.030313550081203,0,1,1,0
"P49",9,5,200,3.5,6.5,3,FALSE,0.0839976773070248,0.189645686950861,0.105648009643836,0,0,0,0,0,0,0.311696296296296,0.296927295518646,-0.0147690007776501,0.0404163796667569,0,1,1,0
"P50",10,5,200,4.5,7.5,3,FALSE,0.155459018166564,0.206739021343009,0.0512800031764447,0,0,0,0,0,0,0.314741975308642,0.297888984644312,-0.0168529906643298,0.0845084994391944,0,1,1,0
"P51",1,6,10,-4.5,-1.5,3,FALSE,0.00161900863723015,0.0204657428345613,0.0188467341973312,0,0,0,0,0,0,0.310534979423868,0.296059229081793,-0.0144757503420758,0.0300240576695869,0,1,1,0
"P52",2,6,10,-3.5,-0.5,3,FALSE,0.0101658633783789,0.0236929422253428,0.0135270788469639,0,0,0,0,0,0,0.309094650205761,0.295385459103729,-0.0137091911020321,0.026991401677329,0,1,1,0
"P53",3,6,50,-2.5,0.5,3,FALSE,0.0171419913627607,0.0311281964119069,0.0139862050491462,0,0,0,0,0,0,0.308474074074074,0.294866812911313,-0.013607261162761,0.0249615915774972,0,1,1,0
"P54",4,6,50,-1.5,1.5,3,TRUE,0.0204657428345613,0.0370041877595291,0.0165384449249677,0,0,0,0,0,0,0.308207407407407,0.295059542463178,-0.0131478649442298,0.0267761455727043,0,1,1,0
"P55",5,6,95,-0.5,2.5,3,TRUE,0.0236929422253428,0.0517869624661992,0.0280940202408564,0,0,0,0,0,0,0.308595191682911,0.294668393013244,-0.0139267986696665,0.0232170040367091,0,1,1,0
"P56",6,6,95,0.5,3.5,3,TRUE,0.0311281964119069,0.0839976773070248,0.0528694808951179,0,0,0,0,0,0,0.309391379683777,0.294801992445859,-0.0145893872379181,0.0220921833555411,0,1,1,0
"P57",7,6,145,1.5,4.5,3,TRUE,0.0370041877595291,0.155459018166564,0.118454830407035,0,0,0,0,0,0,0.309459344401873,0.2956575065648,-0.0138018378370734,0.0268869042478268,0,1,1,0
"P58",8,6,145,2.5,5.5,3,FALSE,0.0517869624661992,0.172552352558713,0.120765390092513,0,0,0,0,0,0,0.309307222931744,0.295696949394309,-0.0136102735374346,0.0339085249682707,0,1,1,0
"P59",9,6,200,3.5,6.5,3,FALSE,0.0839976773070248,0.189645686950861,0.105648009643836,0,0,0,0,0,0,0.311020164609054,0.297253995612661,-0.0137661689963929,0.0405307371866106,0,1,1,0
"P60",10,6,200,4.5,7.5,3,FALSE,0.155459018166564,0.206739021343009,0.0512800031764447,0,0,0,0,0,0,0.314106172839506,0.297784785333751,-0.016321387505755,0.0768748409221304,0,1,1,0
"P61",1,7,10,-4.5,-1.5,3,FALSE,0.00161900863723015,0.0204657428345613,0.0188467341973312,0,0,0,0,0,0,0.309341563786008,0.294829207145096,-0.0145123566409127,0.0277317126390533,0,1,1,0
"P62",2,7,10,-3.5,-0.5,3,FALSE,0.0101658633783789,0.0236929422253428,0.0135270788469639,0,0,0,0,0,0,0.308971193415638,0.294609840175494,-0.0143613532401443,0.0286184381963998,0,1,1,0
"P63",3,7,50,-2.5,0.5,3,FALSE,0.0171419913627607,0.0311281964119069,0.0139862050491462,0,0,0,0,0,0,0.307491358024691,0.295407395800689,-0.0120839622240019,0.0261221876749797,0,1,1,0
"P64",4,7,50,-1.5,1.5,3,TRUE,0.0204657428345613,0.0370041877595291,0.0165384449249677,0,0,0,0,0,0,0.307313580246914,0.295241303666562,-0.0120722765803514,0.0245153933105062,0,1,1,0
"P65",5,7,95,-0.5,2.5,3,TRUE,0.0236929422253428,0.0517869624661992,0.0280940202408564,0,0,0,0,0,0,0.308256443578081,0.295062593808244,-0.0131938497698375,0.0248711279304087,0,1,1,0
"P66",6,7,95,0.5,3.5,3,TRUE,0.0311281964119069,0.0839976773070248,0.0528694808951179,0,0,0,0,0,0,0.309059562486463,0.294613138926916,-0.0144464235595469,0.0224199416061307,0,1,1,0
"P67",7,7,145,1.5,4.5,3,TRUE,0.0370041877595291,0.155459018166564,0.118454830407035,0,0,0,0,0,0,0.309397474102455,0.295444623347994,-0.0139528507544611,0.0283003824718509,0,1,1,0
"P68",8,7,145,2.5,5.5,3,FALSE,0.0517869624661992,0.172552352558713,0.120765390092513,0,0,0,0,0,0,0.310228466013907,0.295736392223819,-0.0144920737900875,0.0358777648390111,0,1,1,0
"P69",9,7,200,3.5,6.5,3,FALSE,0.0839976773070248,0.189645686950861,0.105648009643836,0,0,0,0,0,0,0.311116872427984,0.296988013162018,-0.0141288592659654,0.0462755190500751,0,1,1,0
"P70",10,7,200,4.5,7.5,3,FALSE,0.155459018166564,0.206739021343009,0.0512800031764447,0,0,0,0,0,0,0.314034567901235,0.297651598245064,-0.0163829696561703,0.0819691034207098,0,1,1,0
"P71",1,8,10,-4.5,-1.5,3,FALSE,0.00161900863723015,0.0204657428345613,0.0188467341973312,0,0,0,0,0,0,0.306526748971193,0.296035725477907,-0.0104910234932868,0.0309095336816027,0,1,1,0
"P72",2,8,10,-3.5,-0.5,3,FALSE,0.0101658633783789,0.0236929422253428,0.0135270788469639,0,0,0,0,0,0,0.307399176954733,0.295604826073331,-0.0117943508814012,0.0308793430497331,0,1,1,0
"P73",3,8,50,-2.5,0.5,3,FALSE,0.0171419913627607,0.0311281964119069,0.0139862050491462,0,0,0,0,0,0,0.308034567901235,0.296689125665935,-0.0113454422352991,0.0250446425252453,0,1,1,0
"P74",4,8,50,-1.5,1.5,3,TRUE,0.0204657428345613,0.0370041877595291,0.0165384449249677,0,0,0,0,0,0,0.306930041152263,0.295293011595111,-0.0116370295571521,0.0243993047611772,0,1,1,0
"P75",5,8,95,-0.5,2.5,3,TRUE,0.0236929422253428,0.0517869624661992,0.0280940202408564,0,0,0,0,0,0,0.307893437296946,0.296647643866796,-0.0112457934301496,0.0264808541796916,0,1,1,0
"P76",6,8,95,0.5,3.5,3,TRUE,0.0311281964119069,0.0839976773070248,0.0528694808951179,0,0,0,0,0,0,0.308528481698072,0.296424978145772,-0.0121035035523005,0.0271472362923465,0,1,1,0
"P77",7,8,145,1.5,4.5,3,TRUE,0.0370041877595291,0.155459018166564,0.118454830407035,0,0,0,0,0,0,0.308661841918547,0.295648321248339,-0.0130135206702083,0.0276855409277153,0,1,1,0
"P78",8,8,145,2.5,5.5,3,FALSE,0.0517869624661992,0.172552352558713,0.120765390092513,0,0,0,0,0,0,0.309380445579679,0.295495412744897,-0.0138850328347825,0.0426179872961189,0,1,1,0
"P79",9,8,200,3.5,6.5,3,FALSE,0.0839976773070248,0.189645686950861,0.105648009643836,0,0,0,0,0,0,0.310631687242798,0.297107098088374,-0.0135245891544248,0.0516536816779266,0,1,1,0
"P80",10,8,200,4.5,7.5,3,FALSE,0.155459018166564,0.206739021343009,0.0512800031764447,0,0,0,0,0,0,0.313935802469136,0.296928078972109,-0.0170077234970268,0.0933537431404235,0,1,1,0
"P81",1,9,10,-4.5,-1.5,3,FALSE,0.00161900863723015,0.0204657428345613,0.0188467341973312,0,0,0,0,0,0,0.307720164609053,0.297422438107176,-0.010297726501877,0.0338966519288989,0,1,1,0
"P82",2,9,10,-3.5,-0.5,3,FALSE,0.0101658633783789,0.0236929422253428,0.0135270788469639,0,0,0,0,0,0,0.306098765432099,0.297829833907866,-0.00826893152423286,0.0327758735602517,0,1,1,0
"P83",3,9,50,-2.5,0.5,3,FALSE,0.0171419913627607,0.0311281964119069,0.0139862050491462,0,0,0,0,0,0,0.307111111111111,0.297261046693826,-0.0098500644172847,0.0287672443908415,0,1,1,0
"P84",4,9,50,-1.5,1.5,3,TRUE,0.0204657428345613,0.0370041877595291,0.0165384449249677,0,0,0,0,0,0,0.307611522633745,0.296737699780633,-0.0108738228531118,0.0295083849238691,0,1,1,0
"P85",5,9,95,-0.5,2.5,3,TRUE,0.0236929422253428,0.0517869624661992,0.0280940202408564,0,0,0,0,0,0,0.3073545592376,0.297336258226261,-0.0100183010113388,0.0291410343519761,0,1,1,0
"P86",6,9,95,0.5,3.5,3,TRUE,0.0311281964119069,0.0839976773070248,0.0528694808951179,0,0,0,0,0,0,0.308194931773879,0.297295848521335,-0.0108990832525445,0.0312253369869385,0,1,1,0
"P87",7,9,145,1.5,4.5,3,TRUE,0.0370041877595291,0.155459018166564,0.118454830407035,0,0,0,0,0,0,0.308935433517809,0.297225494115994,-0.0117099394018146,0.0368347553614609,0,1,1,0
"P88",8,9,145,2.5,5.5,3,FALSE,0.0517869624661992,0.172552352558713,0.120765390092513,0,0,0,0,0,0,0.309388959841067,0.296848355828353,-0.0125406040127137,0.0443923927414067,0,1,1,0
"P89",9,9,200,3.5,6.5,3,FALSE,0.0839976773070248,0.189645686950861,0.105648009643836,0,0,0,0,0,0,0.310588065843621,0.297390316515199,-0.0131977493284224,0.0598745810545087,0,1,1,0
"P90",10,9,200,4.5,7.5,3,FALSE,0.155459018166564,0.206739021343009,0.0512800031764447,0,0,0,0,0,0,0.313943621399177,0.297487073017863,-0.0164565483813142,0.103402825039112,0,1,1,0
"P91",1,10,10,-4.5,-1.5,3,FALSE,0.00161900863723015,0.0204657428345613,0.0188467341973312,0,0,0,0,0,0,0.308329218106996,0.297062049514259,-0.011267168592737,0.0426323542731668,0,1,1,0
"P92",2,10,10,-3.5,-0.5,3,FALSE,0.0101658633783789,0.0236929422253428,0.0135270788469639,0,0,0,0,0,0,0.306510288065844,0.295824193042933,-0.0106860950229104,0.0406927337212283,0,1,1,0
"P93",3,10,50,-2.5,0.5,3,FALSE,0.0171419913627607,0.0311281964119069,0.0139862050491462,0,0,0,0,0,0,0.307874897119342,0.297687245377625,-0.010187651741717,0.0356102677419446,0,1,1,0
"P94",4,10,50,-1.5,1.5,3,TRUE,0.0204657428345613,0.0370041877595291,0.0165384449249677,0,0,0,0,0,0,0.306855967078189,0.297188968975243,-0.00966699810294641,0.0362178135627168,0,1,1,0
"P95",5,10,95,-0.5,2.5,3,TRUE,0.0236929422253428,0.0517869624661992,0.0280940202408564,0,0,0,0,0,0,0.308466103530431,0.29698988932689,-0.0114762142035413,0.0377423214730959,0,1,1,0
"P96",6,10,95,0.5,3.5,3,TRUE,0.0311281964119069,0.0839976773070248,0.0528694808951179,0,0,0,0,0,0,0.308297162659736,0.296818354252915,-0.0114788084068205,0.0367550972218474,0,1,1,0
"P97",7,10,145,1.5,4.5,3,TRUE,0.0370041877595291,0.155459018166564,0.118454830407035,0,0,0,0,0,0,0.30923797360579,0.297080149990815,-0.012157823614975,0.0441824293337884,0,1,1,0
"P98",8,10,145,2.5,5.5,3,FALSE,0.0517869624661992,0.172552352558713,0.120765390092513,0,0,0,0,0,0,0.310007662835249,0.296904008039853,-0.0131036547953956,0.0549267785883121,0,1,1,0
"P99",9,10,200,3.5,6.5,3,FALSE,0.0839976773070248,0.189645686950861,0.105648009643836,0,0,0,0,0,0,0.310313991769547,0.298296772171733,-0.0120172195978143,0.0764921800650937,0,1,1,0
"P100",10,10,200,4.5,7.5,3,FALSE,0.155459018166564,0.206739021343009,0.0512800031764447,0,0,0,0,0,0,0.313073251028807,0.297626527734253,-0.015446723294554,0.130877904106675,0,1,1,0
