"Pop","X","Y","envPop1","envPop2","fakeEnv1","fakeEnv2","V6","V7","V8","V9","V10","V11","V12","V13","V14","V15","envPop1","envPop2","fakeEnv1","fakeEnv2","V6","V7","V8","V9","V10","V11","V12","V13","V14","V15","rowMeans.Pop_afreq1.","Rel_Fit"
"P1",1,1,-1,-1,-2.16965199775431,-0.899119433509725,0.0452690126369375,1.78516229532808,1.11434041231683,3.07833047113902,3.59912463109527,-6.76152984969466,-0.315696215225763,5.89349584840154,0.934568802465965,0.102567647859257,0.00020503048133374,5.51846601838107e-05,0.000494698198803419,0.000882241984598023,0.00128428152561719,0.00177220605608248,0.00142089364235416,0.00180598876172189,0.00217168586904976,-4.19507410971322e-05,0.00111098105663584,0.00263469035603103,0.00117499781682894,0.00145013597737346,0.213715449840326,0.979186
"P2",2,1,-0.777778,-1,-2.43387927077208,-1.6910285788043,0.975119765507308,-1.79851318376893,-1.84364954954021,-0.882379775187553,-0.139344493370848,1.34348202983026,-1.12853112709306,-2.60097616766752,-2.68303846376999,2.54333164011914,0.0011100472504758,5.51846601838107e-05,0.000363768672519166,0.000579804075143412,0.00149436954909816,0.000898003479085678,0.000850778445909362,0.000952534662132678,0.00140902424922629,0.00101329943359514,0.000998263975908317,0.00102728977514919,0.000330066170907704,0.00194605006238294,0.214210989979077,0.981603
"P3",3,1,-0.555556,-1,1.11345783733009,-0.9134771550597,-1.36079541966269,2.26641326135851,2.02317161800956,-5.88043866212316,0.508073906163448,0.208863077316838,-2.45603560508815,4.39507274199015,0.381550135689276,-3.01300611636806,0.00245506620046429,5.51846601838107e-05,0.00164903075231441,0.000866080346309255,0.000991585336954963,0.0020218676914137,0.0015685977512238,-1.09203987485452e-05,0.00154086711780164,0.000874911015697077,0.000786293749118616,0.00229529373904396,0.00104827166689428,0.000765295149625046,0.211623169254487,0.983919
"P4",4,1,-0.333333,-1,0.577042233092594,-1.69582912636723,5.00721986214769,1.38354380547511,0.841007830694282,-3.62022144961727,-5.81853183815971,-0.757510290787616,-2.36473889476421,0.981502048561698,1.02331479854579,-2.26686291990842,0.00414701832298852,5.51846601838107e-05,0.00143348847932439,0.000571415922472905,0.00232552802629889,0.00165545941270971,0.00137588549780781,0.000368378441463261,0.000419027184670688,0.000741403851174051,0.00080326322009644,0.00160976370987669,0.00119922577665873,0.000940181002123797,0.212828983592115,0.981322
"P5",5,1,-0.111111,-1,0.3335495684691,-1.24588990183401,-2.57256217632712,1.10519735733945,-0.238902194562412,-0.319124303685212,0.0741079770291805,-3.59237897409738,-0.928231028105765,1.00197249827337,-2.34600277009084,-0.694492702564107,0.00599280005068618,5.51846601838107e-05,0.00136372139515369,0.000742460912706632,0.000666185931114208,0.00157998164292543,0.00115063604171507,0.00108580314842643,0.00144555302006636,0.00030467334332104,0.00102689874183215,0.00162178080959263,0.000414909242205888,0.0012616772029722,0.212195793414822,0.979491
"P6",6,1,0.111111,-1,2.31587963424902,-2.3056847782684,0.924345981108248,-1.33891032584416,-1.42838835155215,0.483584067523484,0.89703770990157,0.846434783237108,-0.0322804692755035,0.549724872726042,1.6114151451225,0.206528855794032,0.00799348332126369,5.51846601838107e-05,0.0019849226502638,0.000198072126361191,0.00147557903908954,0.00102550480603355,0.000937367597880413,0.00122626881685785,0.00163697563330207,0.000947977389832854,0.0011549376701986,0.00153762118433237,0.00132640098145025,0.00147072540222531,0.213759497852659,0.981867
"P7",7,1,0.333333,-1,2.8379938027978,-0.387393846660595,-4.2852537194376,-2.3446289311485,-2.72436312955506,4.91796894157333,5.04247887211126,-0.54656658658864,3.92186562604796,-3.72907563201981,-0.300693645224219,6.33496798090333,0.00994355250147848,5.51846601838107e-05,0.00215896259507626,0.0011727554311477,0.000298680755680555,0.000708091805023072,0.000699440205341463,0.00215937948742924,0.00243451045492772,0.000785822709926854,0.00179298791958478,0.000799579210314317,0.000910394203447569,0.00274405403823016,0.212245347428697,0.981938
"P8",8,1,0.555556,-1,0.0374250606523671,0.811215985176057,-3.27906745355746,-1.58873126852945,-3.82592248795757,1.23555469588572,2.44713874716042,-2.85036999807314,1.30227402902486,-2.89602579448918,-1.73669844380439,4.05269573213529,0.0119877004416447,5.51846601838107e-05,0.00128067979694864,0.00179534710815599,0.000436737543958613,0.000975201933063879,0.000464362792047673,0.00141129384134327,0.00190564215666118,0.000437117642595677,0.00137416653221819,0.000959011440709266,0.000611411636207952,0.00229693236079134,0.213643871820284,0.986664
"P9",9,1,0.777778,-1,2.26130978014465,1.7013762948419,-2.51949485639497,-2.04008213617449,-1.60924229184327,1.5190306196721,3.23059224558375,-0.995968054355197,-2.5117318179646,4.38008591681367,0.397058832564969,0.0738854226180882,0.0131355376765542,5.51846601838107e-05,0.00196272446126364,0.00230568295472753,0.000681518923021044,0.000820138142124548,0.000898074988945239,0.00146907412714829,0.00209773784971108,0.00070986488891221,0.00074560856286882,0.0022740785828015,0.0010524445888575,0.00143799033722984,0.212702345556657,0.981993
"P10",10,1,1,-1,2.50964729168741,-0.818202622825956,3.73133703286108,1.8604374112606,-3.80504371631316,-1.68038163941547,-5.82276081880165,-2.72518958943174,-5.869002566861,-0.560544752737592,2.45416208868666,-1.98405885249938,0.0148106773103834,5.51846601838107e-05,0.00205357909711035,0.000944579335493439,0.00203596110059103,0.00182341154650065,0.000491057890786596,0.000813507840462319,0.000416544013694522,0.000460191988115513,0.000196541446918335,0.001346466528465,0.00153263309195206,0.00102954788613712,0.211909481334655,0.984513
"P11",1,2,-1,-0.777778,0.245681858326618,-0.727622310607751,-0.495764740745149,-1.20652966856681,-0.633869086672978,0.716724903563259,1.37855398175744,-0.258957982625729,1.51561282107478,-0.453796483766537,0.485990167858134,2.43775110427184,0.00020503048133374,0.000924291106719048,0.00133464758005667,0.00100520316063403,0.00115793110342225,0.0010528359454197,0.00107867243118058,0.00128409192032593,0.00172832607482278,0.00081797604738573,0.00141655094953812,0.00137487338106833,0.00107078514192728,0.00192481304413362,0.212008589362405,0.977749
"P12",2,2,-0.777778,-0.777778,0.854854215269374,-0.891410199434988,-2.77064901612329,1.69971675140738,-0.135588544392941,0.097998960002111,2.9179518947152,-0.642117090814079,-2.22608747959165,2.59159525830479,0.792661103750878,-1.99230901913655,0.0011100472504758,0.000924291106719048,0.00155381546795531,0.000899709214592506,0.000590203798849006,0.00173867509007576,0.00118136472470705,0.00115394214767721,0.00202619885938765,0.000762479101066739,0.000830312336211753,0.00195707175505245,0.0011355450079129,0.00101917934046169,0.213285981720075,0.979092
"P13",3,2,-0.555556,-0.777778,-1.02985061737056,0.938239329582025,-2.22094729141684,-2.48583466634153,-2.91193496192636,1.71400660374079,2.60044242238344,-0.639495933680971,-0.279694808689518,1.47891878024833,2.11323173498485,2.01239507824828,0.00245506620046429,0.000924291106719048,0.000882343757877315,0.00189687063694903,0.000761333646871473,0.00066174332282658,0.00065803370435834,0.00150738576503082,0.0019366689047845,0.000765241971850929,0.00112345446913295,0.00172142001261321,0.0014879964216567,0.00181380586681609,0.213131813676908,0.978384
"P14",4,2,-0.333333,-0.777778,-0.927642120611174,0.362919661069729,2.69289055352792,-1.80432980988407,5.82087564440312,-2.14844367679053,-0.670783807128613,1.86894448284954,5.84389694236727,2.25312967542073,-2.05572323281578,-2.14366865277171,0.00414701832298852,0.000924291106719048,0.000921221866804147,0.00156420156208159,0.00183670567991321,0.000891446339984195,0.0024415855731098,0.000711603836876585,0.00131563355611638,0.00107559723883818,0.00206886924003235,0.0018648226571216,0.000481779396944279,0.000968564161528532,0.213285981720075,0.976656
"P15",5,2,-0.111111,-0.777778,-0.249630613217556,0.245209418787867,-0.194335783793045,-0.0222208276286977,5.59285804579811,-1.54068615506996,0.489272431409472,3.34298684152865,0.101842412273208,6.49046306151808,1.01420413395309,-4.41105253074433,0.00599280005068618,0.000924291106719048,0.00119479222463092,0.00150748752383003,0.0012190294368677,0.00131904668658164,0.00234554025656389,0.000835478853550012,0.00152816370308128,0.00126514717171702,0.00117347270873029,0.00274060128205643,0.00119441459974878,0.000501436244498821,0.213649377821826,0.980268
"P16",6,2,0.111111,-0.777778,2.57468096709958,-0.819251245397585,-1.66448383533752,1.13663794495217,-0.44934698760576,-0.375163740143486,0.601499201152883,1.96622660404769,-3.17087192881472,2.483799870783,3.48855371438662,-2.70581446599436,0.00799348332126369,0.000924291106719048,0.00208841102958536,0.00093739924555663,0.000927022172210548,0.00159291868114035,0.00110869887984207,0.00107491781363507,0.00156605708875473,0.00110156866228017,0.000616941202450574,0.0019327594312785,0.0017734831526911,0.000835292393318221,0.212223323422531,0.976311
"P17",7,2,0.333333,-0.777778,1.3838259649471,0.544841431425677,1.03178294937914,-1.81185588508188,-2.15951330242323,1.74983352264416,-1.27754891294368,-0.864438439605474,0.404724305247709,0.519156237131731,3.84002813283544,1.5466590342837,0.00994355250147848,0.000924291106719048,0.00172392871483537,0.00165446673453207,0.00151370032987998,0.000885477246127978,0.000781930942045118,0.00151728268367715,0.00121758819496542,0.000728812119806828,0.00123280815317911,0.00152535391112633,0.00193084075236559,0.00172678942132471,0.213016187644533,0.975831
"P18",8,2,0.555556,-0.777778,0.558379835743599,-2.29440744721051,-3.28290214846809,1.19845371600292,-2.25952330694278,0.616663674176702,2.65786054161911,2.97667105569833,-4.40669318708841,-1.02212367413816,-0.535434809662089,-0.358552466248355,0.0119877004416447,0.000924291106719048,0.00141858814522213,0.000225740138280749,0.00042872327574163,0.00161830661277385,0.000769865509238287,0.00126346551325573,0.00196144243104299,0.00120925963790443,0.000419046212144947,0.00126930760806661,0.000847400811316711,0.00132701907489727,0.21461292809162,0.97859
"P19",9,2,0.777778,-0.777778,0.819428440310202,1.47486157910466,3.71682797927424,-0.214783046637036,3.47084413039298,-2.24251216100476,-2.44501722165371,-0.119464507335975,3.26868090550339,1.26403060945954,-0.236197529360893,-0.232753053008644,0.0131355376765542,0.000924291106719048,0.00153248118473287,0.00221654700011482,0.00202875335970132,0.00126138872524703,0.00188404569365552,0.000681274179719161,0.00101108879787874,0.000836058344525211,0.00169897819369844,0.00168118869086807,0.000937782128475067,0.00134644539980874,0.212900561612157,0.974243
"P20",10,2,1,-0.777778,1.42395850174247,0.145829039448092,-0.0778320414705418,3.40224557732297,0.658311512714329,0.566781488287019,1.37453096221857,6.60025405327509,-5.02720461862705,0.0196341331326125,1.99613406158695,-4.91451135353613,0.0148106773103834,0.000924291106719048,0.00174506414670095,0.00140862809502251,0.0012555189992456,0.00233400453223609,0.00134651778804432,0.00124478001961409,0.00172350105840784,0.00173181603851377,0.000350848640634725,0.00143988391736064,0.00144485156493687,0.000356760705705296,0.213715449840326,0.981551
"P21",1,3,-1,-0.555556,-0.5050022258379,-2.2413987562968,-1.15635076874199,-3.88288181391356,-3.15573703607341,-0.527541649869105,-2.85876776070264,-1.37447443289581,2.20406655625413,-2.32649818216326,-0.204011327113315,1.24895679045621,0.00020503048133374,0.00226328273324788,0.00107661139510528,0.00029761442592875,0.00104097117681169,0.00029951035900556,0.00060252557472633,0.00103796552623577,0.000951557496437907,0.000646830552014001,0.00153189835956318,0.00105928830008861,0.000946875348897124,0.00168097074140382,0.212405021473406,0.978958
"P22",2,3,-0.777778,-0.555556,-2.3489254236877,-0.0799346915939788,-2.34317409601326,1.86787882774657,3.90003292352159,2.6102747900445,1.86803521710814,-3.21825899688185,3.9352171508819,0.872477526220988,-2.83547381854179,-0.582824585121059,0.0011100472504758,0.00226328273324788,0.000411163358008551,0.00129360617732398,0.000730592757106871,0.00182962639504792,0.00201355413391931,0.00169672410727766,0.00179177954705366,0.000351092549247102,0.00180737569370845,0.00158779616923509,0.000279662783527014,0.00128577437532103,0.211821385309988,0.981078
"P23",3,3,-0.555556,-0.555556,-0.348375648854737,-0.475674711412619,-3.18188493525473,2.83059694888335,0.454520860627444,-2.58341887914025,1.11296654430797,-1.42444242327208,-0.451322247728505,3.53295452533786,3.81000208019745,-2.13005865267138,0.00245506620046429,0.00226328273324788,0.00115519081038211,0.00113715003437753,0.000488925240179066,0.00215724574494321,0.00130168182204196,0.000627050107485534,0.00167452984007214,0.000636585995170087,0.00108957729806175,0.00211756300048765,0.00188389378123986,0.000977844296411282,0.212305913445656,0.978858
"P24",4,3,-0.333333,-0.555556,0.0549366305461976,1.25159477693186,1.79226608205884,0.630454447213465,0.845363886385316,-0.840524149160814,-2.17479712392372,-2.51636664054002,1.18350127878523,0.133723641824721,-0.196367418404601,-0.0907124605255195,0.00414701832298852,0.00226328273324788,0.00128521386526773,0.00207353038603272,0.00169453022417649,0.00146040125284964,0.00138268767233109,0.000961134547872463,0.00106576558431779,0.00049670718191944,0.00134340800621406,0.00146021553915562,0.000952025073425576,0.00137945728275895,0.213285981720075,0.981761
"P25",5,3,-0.111111,-0.555556,1.35221621703614,0.166014483374009,-2.68017927605145,1.76435151722019,-1.72012778442623,-1.45497308818255,2.11070114973508,1.35103237503772,-1.46368343527851,-0.472514013048593,2.01820584889562,0.798298730515756,0.00599280005068618,0.00226328273324788,0.00171294853004332,0.00144161681206491,0.000619527192977708,0.00176047231136273,0.000877985524997158,0.000857373325346717,0.00184058258642218,0.00101620366159498,0.000950288820742399,0.00136840655643663,0.00145378592132933,0.00157539791410699,0.2135007157802,0.971964
"P26",6,3,0.111111,-0.555556,2.4864311362255,0.148348403728687,2.03344388721967,2.01397422030185,1.47297846366037,0.728263382825616,-2.38851118952046,0.958732073555027,0.36943887683409,-5.13839207842272,-2.72031521230522,1.01330067536166,0.00799348332126369,0.00226328273324788,0.00204299158031798,0.00141390960391765,0.00174282747433106,0.00189548198521897,0.00147877848853975,0.00128847061369355,0.00102737755100031,0.000959285253949947,0.00122345568745219,0.000550405608906717,0.000309722481671193,0.0016215985988884,0.213919171897368,0.973588
"P27",7,3,0.333333,-0.555556,1.00977798916491,-1.86870758336221,5.82695750032573,5.25873254547793,7.06131335179653,-1.80429182263661,-3.31411657186224,0.211636612272242,-1.88378007516371,3.87999973560577,-0.930611931406389,-5.86051114864876,0.00994355250147848,0.00226328273324788,0.00161925832594688,0.000506770718372499,0.00254241665887628,0.00284246422186346,0.00265148674496025,0.000792298411515075,0.000883504284352146,0.000878420730044012,0.000887656349873888,0.00217058729950094,0.000794290205778677,0.000206358872288897,0.21274639356899,0.978921
"P28",8,3,0.555556,-0.555556,-0.239997939449117,-2.1950741068295,1.75260842292809,0.0163684250313182,-3.30463713669548,-1.01832843924041,-4.71563124481388,3.89219090535307,-3.02582335131304,-4.62585051744998,1.35916313109121,-0.861892668301433,0.0119877004416447,0.00226328273324788,0.00120334599859185,0.000346568004567832,0.00168506172100768,0.00134398728939737,0.000568122976855315,0.000927627530015128,0.000675846835647302,0.00135346732496838,0.000665074165281827,0.000636231557733609,0.00127189926744601,0.00121461331450333,0.21248210549499,0.978825
"P29",9,3,0.777778,-0.555556,1.41073084012234,-2.41650352369316,-4.01380357302667,3.29661393752287,0.891433337705861,5.1362290375605,2.78371534089277,1.11987651423275,-5.12631566031655,2.34343519359805,-1.02655640246279,-6.47171916874511,0.0131355376765542,0.00226328273324788,0.00173713265209131,8.811840261909e-05,0.000329996931974236,0.00229216986715256,0.00139078814583638,0.00220143812629343,0.00198646205076129,0.000980499448916092,0.000335992585983895,0.00189009890149856,0.000774189019774433,0.000139365026265195,0.212394009470323,0.983368
"P30",10,3,1,-0.555556,0.713879608595899,-1.3063577139163,0.88146236283893,1.56619895226328,-0.855392293599063,0.602346447078275,-2.20997598661346,-1.26020371603262,-3.50957250563487,0.522924337098442,0.498134808509745,-1.51718937728378,0.0148106773103834,0.00226328273324788,0.00149175210249668,0.000720172675861076,0.00146327632129981,0.00171122026899948,0.00103220158048924,0.00125685859716409,0.00105125616988594,0.000670953272481326,0.000527395180094414,0.00152869939945195,0.00107568091752032,0.00108839791746503,0.213038211650699,0.984933
"P31",1,4,-1,-0.333333,2.71683828260437,-0.218184218292584,-0.602931577040152,-2.51725038243879,0.220816428746677,4.41741173631167,0.850223132852932,0.0170719201246758,-0.295008005524016,1.37060799943573,-2.21508957301049,-1.44918059218669,0.00020503048133374,0.00394693824475784,0.00212853677445008,0.00124257654789745,0.00113400716027783,0.000645955447676548,0.00125872377750636,0.00205717781351747,0.00162372502364673,0.000849781215234016,0.0011163102310295,0.00170229580432078,0.000447335247790422,0.00110210953978833,0.213671401827993,0.975145
"P32",2,4,-0.777778,-0.333333,-0.389411819358302,-0.720005561349172,-2.89033297330539,-0.259086627100854,0.354411473027618,0.370423935929368,2.19888074018803,-0.705789606474163,2.65705193538997,-0.539412513514447,-0.349377547102362,1.20552544445302,0.0011100472504758,0.00394693824475784,0.00113338098878953,0.0010260158134352,0.000565866368721048,0.0012407864458485,0.00128566499335138,0.00119994295583324,0.00185317284259433,0.000749338332869574,0.00159950639266525,0.00135066838388214,0.000883309596309456,0.00167053909975849,0.213588811804867,0.972026
"P33",3,4,-0.555556,-0.333333,-3.2969694626651,0.0844815287439232,1.87135483708907,-1.69597141623971,-1.95274356855895,-2.05157732110249,-2.62789296291877,-0.21925145507033,3.35420159095691,-1.10674361478098,3.04292360631577,-1.22682746071839,0.00245506620046429,0.00394693824475784,9.09256850915394e-05,0.00137006501248982,0.00171084743664598,0.000933922224845496,0.000824486461542607,0.0007390830905471,0.000981858273328648,0.000822909742490335,0.00171392727543838,0.00124004168255395,0.00166549871402905,0.00114485853352439,0.21549939433983,0.978109
"P34",4,4,-0.333333,-0.333333,-0.802450636133897,0.46167310904903,-2.57917139165005,-2.96099441359989,-5.39687466239755,-1.46820583385752,-1.28229289083376,1.28543697254337,1.14638887761519,-4.73291101832872,1.7951670539873,3.17054799085617,0.00414701832298852,0.00394693824475784,0.000969471746617588,0.00161550962232173,0.000660475655407728,0.000521898967613962,0.000252941660125621,0.000852361624282515,0.0012141214561322,0.000997438798835143,0.00132712446645809,0.000612239996290871,0.00139002514172568,0.00207382662952513,0.213451161766325,0.982069
"P35",5,4,-0.111111,-0.333333,0.62022057458116,-1.92997205490948,1.69460387174217,-3.78056175969513,-3.03636886173722,-2.87489261144643,-1.65572131497634,3.95195085827228,-0.263435560760342,-1.3178388493172,1.10632872137523,-0.844148536038297,0.00599280005068618,0.00394693824475784,0.00145307192576194,0.000490794757681601,0.00166739065054366,0.00033048307768583,0.000625973205761317,0.000575624738646068,0.00114268839091263,0.00136948851510842,0.00112859455100025,0.00117477615003798,0.00121370735501656,0.00122035644593061,0.214111881951327,0.97686
"P36",6,4,0.111111,-0.333333,0.230818783038942,-1.30996237894928,-2.0088526844576,-5.57468968167777,-6.66610858671275,2.81125369588659,-0.328298147054448,3.78828387353964,-5.25178158102945,-2.76092396484604,-1.94495630859304,-0.0409934856801674,0.00799348332126369,0.00394693824475784,0.00132948567684748,0.000711891409407975,0.000833771426332932,-4.43385886334628e-05,2.67028569773171e-05,0.00175358333009769,0.00137141603762652,0.00132615392523831,0.000308578197002439,0.00100101801549369,0.000523560594517324,0.00139467097523543,0.21454685607312,0.982042
"P37",7,4,0.333333,-0.333333,-0.488562983497227,0.180673872440844,-4.46965278808002,-2.92593289178227,-2.99391654048459,2.36137166138161,3.30047648560153,2.55577756413894,1.4285040066532,-3.18341835595043,-0.453369075643095,2.08660506303229,0.00994355250147848,0.00394693824475784,0.00109965190209755,0.00145647278455895,0.000248829226959738,0.000538019807599254,0.00063884310113685,0.00162254411156368,0.00211876989079142,0.00116060164261688,0.00140178333750927,0.000889790051188578,0.000860708272977366,0.00183022307030965,0.212696839555115,0.970439
"P38",8,4,0.555556,-0.333333,0.555451569583084,-2.00206201841376,-3.20685168861211,-3.40322457861994,-5.42306159367608,0.372154032629246,1.96358158735975,1.84208995248485,-0.466287328401122,-4.20268523227077,-1.55495051403984,2.26699287657302,0.0119877004416447,0.00394693824475784,0.00141462554993328,0.000444783200373242,0.000473329203898053,0.000411033974097586,0.000246553662547585,0.00120470373223057,0.00180560201061257,0.00106967263268705,0.00107967851581243,0.000717312888895163,0.000660484784240737,0.00187451588464166,0.213032705649158,0.982585
"P39",9,4,0.777778,-0.333333,0.9929866850026,-1.08119927615109,0.354103905267165,1.23807691054038,1.63043581888094,-0.586596321340129,0.827859820550887,1.47661297240163,0.246938759199572,2.36967495634775,4.07463387489976,0.0748444802206833,0.0131355376765542,0.00394693824475784,0.00160798322832647,0.000795928068179084,0.00134906854083277,0.00162728172719227,0.00149565185553821,0.00101636359820511,0.00161518925183781,0.00103164340504971,0.00119580489971031,0.00190118798950903,0.00203489450024448,0.00144145843191638,0.213566787798701,0.983825
"P40",10,4,1,-0.333333,0.836231071677848,2.18747884497771,-1.34200172801725,1.84039558937133,-0.758191501199112,2.06617396810166,0.12385664972417,-0.508842207297332,0.138588899485321,-0.73127377394675,3.87741046976728,1.26081406858117,0.0148106773103834,0.00394693824475784,0.00154351528708611,0.00254615984847882,0.00100434595539746,0.00181187651078696,0.00105348313319494,0.0015819689464549,0.00145304612376246,0.000790939562839031,0.0011784497957095,0.00132340341436609,0.00197957777637572,0.00168600673344274,0.212168263407114,0.978674
"P41",1,5,-1,-0.111111,-0.794751458203747,-0.574762463863353,-3.36033783766344,0.521850369924349,0.619832973329234,2.62356398287587,4.77730648727895,3.37896060373283,-3.66605793190503,3.80121736323681,-0.0761529781880341,-4.93015123872061,0.00020503048133374,0.0057840292030533,0.000979067074621388,0.00109710034791814,0.000410732129016168,0.00143878691313849,0.00132708996465098,0.00170968427784984,0.00237696092567297,0.00127101475349211,0.000517331718173209,0.00215085152892019,0.000974800833494977,0.000353028138215552,0.214805638145579,0.975896
"P42",2,5,-0.777778,-0.111111,0.811777422605778,-0.0848743963385337,-1.82327620546157,-2.98862379393545,-1.73760754504884,2.66252318159226,1.16265906649316,6.98575942021571,-1.22161641828695,-3.86356156186947,-1.73175702727459,-0.170061250746249,0.0011100472504758,0.0057840292030533,0.00152747438828741,0.00128776038223854,0.000893752259254037,0.000512004214067094,0.000872218903858303,0.00172822684213937,0.0016856673630674,0.00176563083376317,0.000983551319964897,0.000780782585165595,0.000613142983242354,0.00135532650886498,0.214409206034578,0.981028
"P43",3,5,-0.555556,-0.111111,1.03021689231561,-3.59243043951188,-5.64606273991488,-4.09989352996266,-6.60574689388969,3.45710623609084,2.60424124349529,3.51758154017481,0.350278225602087,-8.33696889201299,-2.73806091133537,3.93967462320183,0.00245506620046429,0.0057840292030533,0.00162773345427816,-0.000254021681156934,7.46644160320185e-05,0.000232483470796584,3.36820339103921e-05,0.00185282855405925,0.00194107815909698,0.00128915354822341,0.00121520437406722,0.000180058283753957,0.000305086932849248,0.00222811475176492,0.213941195903535,0.972715
"P44",4,5,-0.333333,-0.111111,-0.507199975933681,-2.21190234780336,-0.153766257820837,-2.5544838599211,0.203887741166867,-2.11061908376016,-3.54659696036989,-1.24611427264848,7.37281108929678,-2.92071046835955,1.96197528328889,2.93218516234786,0.00414701832298852,0.0057840292030533,0.00106877364615344,0.000331356309396636,0.00123320372352078,0.000636371033284675,0.00125463757819975,0.000720015179388762,0.000855546394076513,0.000674892451339297,0.00229792997550692,0.000950358246511763,0.0014380612714621,0.00203511119366616,0.212256359431781,0.978835
"P45",5,5,-0.111111,-0.111111,-1.104949798647,2.06678449956222,-2.01464037823073,0.853184553887098,-1.14572119824239,0.800475575139037,3.48944298593889,0.150866382056381,-1.80499164781064,0.992459264658133,0.644008951558418,0.471539713535444,0.00599280005068618,0.0057840292030533,0.000836895627818228,0.00246516836260622,0.000827667645628232,0.00150534571510444,0.000985604887428631,0.00130753652271926,0.00215532811302141,0.000864264808294109,0.000901641701438448,0.00161728058108357,0.00110301293466556,0.00152025905631948,0.212212311419447,0.979175
"P46",6,5,0.111111,-0.111111,-0.789461456512444,0.769654648884324,-1.34256401550163,-3.30952608492721,-4.85853064385583,0.831735361691139,0.736332649601198,1.33171859368697,-2.07766873569135,-2.96633787761689,-1.79684383213745,0.27030964602319,0.00799348332126369,0.0057840292030533,0.0009850281785795,0.00175958196265507,0.00100394891158906,0.000435264386809001,0.000312741884753167,0.00131900535882615,0.00159200302392394,0.00100950787321543,0.000860218643777782,0.000928091312827035,0.000586237022721362,0.00147940274931814,0.212206805417906,0.975923
"P47",7,5,0.333333,-0.111111,-0.534169063433023,0.345640770740553,0.793611234163379,2.96125891991099,2.48326748490496,-3.84329453711913,-2.44137364125311,-1.94633313647302,-2.54371307086268,4.56874976388726,1.29326647473352,-3.88740031153347,0.00994355250147848,0.0057840292030533,0.00106033484330772,0.00155749565372779,0.0014405063787996,0.0021933067616889,0.00166582431160853,0.000327994788220674,0.00101454148638518,0.000574787369747802,0.000731559071131847,0.00234472615941347,0.0012525784440316,0.000607811965088626,0.213159343684616,0.975117
"P48",8,5,0.555556,-0.111111,-0.502821401655349,-0.287271087199972,7.91747940920943,-2.26218196370015,0.153793445154195,-1.96724938941045,-7.27963317409489,0.516746990128064,0.69871876997621,-1.10261972123129,0.862630854311374,-1.27477980167684,0.0119877004416447,0.0057840292030533,0.00108359717957346,0.00121724552496556,0.00307527023988186,0.0007432885931831,0.00123984671350865,0.000759757231128236,0.000178889511157248,0.000907977031543331,0.00126735429335911,0.00124493769292939,0.00115267798764406,0.00113578795135663,0.213511727783284,0.973683
"P49",9,5,0.777778,-0.111111,1.98839641074236,-0.718725905641453,-1.16666949116061,-1.63515259492867,-2.56594072605614,2.06629135756868,0.242115234636142,-0.829508288326716,3.16169073829713,-3.6612027529017,1.74235233147556,3.45729988065536,0.0131355376765542,0.0057840292030533,0.00188323785608784,0.00103335393551974,0.0010359032491604,0.000952743587764428,0.000722181258139205,0.00158226452756892,0.00147469365291324,0.000733151552219265,0.0016747610313398,0.000820313684618675,0.00137429816224923,0.00213127593072687,0.214827662151745,0.977699
"P50",10,5,1,-0.111111,-1.1582098110339,-0.450686839636067,4.56768077280317,-2.33749299938066,-0.531537362181332,-3.41254140341839,-2.70174259095586,2.28179248470568,4.13657954912333,-4.47433761966357,-0.0204425219520803,4.41448011173248,0.0148106773103834,0.0057840292030533,0.000822178279766874,0.00114948348542782,0.00224070885590861,0.000715460455552424,0.00109028489576699,0.000436798917141941,0.000968113955170067,0.00113282933887833,0.00183764232023124,0.000667033782788703,0.000984616023611802,0.00237394620921131,0.214866204162537,0.980888
"P51",1,6,-1,0.111111,-1.80720029185603,1.10883914131996,-4.504103616204,-2.2864276275331,-5.79649384467019,1.79366320663465,1.30589665896868,-1.2735224677197,1.8470857484596,-6.32557433449491,-0.456983913210782,4.67782537065051,0.00020503048133374,0.00765904397522149,0.000637364827277362,0.00199046139770036,0.000226902888307569,0.000733138878187664,0.000167005000356352,0.00152768544468455,0.00171354871939116,0.00066797517840229,0.00147159174119926,0.000432310775941686,0.000855694280454447,0.0024150245155464,0.211568109239071,0.981466
"P52",2,6,-0.777778,0.111111,-0.828310922945689,2.03278685095172,3.94175955192837,3.43158137513846,5.86389106928333,-2.96577116482972,-0.718956003931412,-2.71640986446001,1.37846926866831,4.64673811844723,-1.21322700319244,-3.47872226934364,0.0011100472504758,0.00765904397522149,0.000955560423968397,0.00244534994553135,0.00209036294690363,0.00235675968155729,0.00245001226288091,0.00055454872235145,0.00129917883230343,0.000461108499677202,0.00139228030811898,0.00237428116242707,0.000722958185377655,0.000690436212036919,0.212267371434864,0.98384
"P53",3,6,-0.555556,0.111111,0.655754470422596,2.18902874730377,1.10835274661098,-0.236483211077055,-4.14110106211271,2.41587586707078,-1.54707704926455,2.63409610828257,-7.58302715290489,0.89382618851841,2.68727990428558,-2.41755917488778,0.00245506620046429,0.00765904397522149,0.0014640469809729,0.0025473349048519,0.00153617644323436,0.00125330608878974,0.000435583702434045,0.00164358340223686,0.00116133061789483,0.00117443626453667,-3.37512015825209e-05,0.00159102865342214,0.0015776075264071,0.00090589163640794,0.212735381565907,0.976019
"P54",4,6,-0.333333,0.111111,-2.98922785301336,-2.40228484777353,-2.20162066171966,-2.20062769984362,-3.50042804525142,1.32861769567911,3.05801629340881,-0.57683805360163,0.351975903760162,0.809142494963705,3.57364522825783,4.53077967513942,0.00414701832298852,0.00765904397522149,0.000171497998966001,0.000102589444682176,0.000779396535235173,0.000779075890960839,0.00053635873857485,0.00143405149959818,0.00206614128754676,0.00078006074101173,0.00121797401629307,0.00157864327330589,0.00179530736853419,0.00239090340671354,0.212586719524281,0.982191
"P55",5,6,-0.111111,0.111111,1.260737249625,-0.886923995417093,2.06922299509748,-0.249341493649168,-1.513099444991,-3.37864044465728,-5.69565724069324,0.738750510334238,5.20348995550977,-9.52942911283378,-1.0892873568188,2.8877366674621,0.00599280005068618,0.00765904397522149,0.00169005776254713,0.000908480793242742,0.00174989831640315,0.00124533993360229,0.000917175817454474,0.000462378203772919,0.000492705079769519,0.000922932336897003,0.001979212591121,9.28451421667913e-06,0.000752823927293993,0.00202140848891876,0.21392467789891,0.979937
"P56",6,6,0.111111,0.111111,-0.118817475244731,-1.37234843225349,-3.1243172126624,-2.22789760592984,-1.85573962792607,0.590588465380336,4.53501267967548,0.226201511881379,2.02045358103961,1.77599287639695,3.49623081127626,4.05658618911424,0.00799348332126369,0.00765904397522149,0.00123579850137867,0.000692346875811555,0.000507909966792726,0.000764209904159415,0.000846398352097357,0.00125142353218453,0.00231914087938154,0.000882464351209494,0.0014973986929232,0.00176118014433395,0.0017766684581878,0.00229753150590107,0.21382556987116,0.969229
"P57",7,6,0.333333,0.111111,0.962510491506627,0.382061762600563,-2.0786090604285,1.9558315268018,-0.842463521908965,1.34865841105996,1.97797310992252,1.49123795610655,-3.15469008752365,1.84267630930456,2.92962207886055,-2.29714185691031,0.00994355250147848,0.00765904397522149,0.00159094943942293,0.00158309188925121,0.000811632448612542,0.0018725473425242,0.00103646412191372,0.00143919489866756,0.00180949480202016,0.00103578201760651,0.000638299978444456,0.00177619529741673,0.00163357391403152,0.000927897639645342,0.213671401827993,0.975489
"P58",8,6,0.555556,0.111111,0.564005287327873,-1.94636470249692,-1.59204429233751,0.236113206351416,-0.095833701430206,0.945816252669802,0.785763028294567,-1.50369343293402,6.90665039608222,-2.9872257446486,4.68574565249471,5.75490166686772,0.0119877004416447,0.00765904397522149,0.00142305522951707,0.000476301652216186,0.000941016852377931,0.00138655397430148,0.0011945848713568,0.00134756376482347,0.00159953827344504,0.000623736521408349,0.00223066751375294,0.000921516566695242,0.0021912955287955,0.00260410693120438,0.213385089747825,0.976501
"P59",9,6,0.777778,0.111111,0.675740780355843,-0.754338868323921,0.70596663887084,2.14247238223751,3.22203788491561,-0.0449552484684122,0.246704764799649,1.24620285837971,2.21690419176807,2.10011628668047,4.54782776132889,-0.0360018804183864,0.0131355376765542,0.00765904397522149,0.00147422603906504,0.000988861121976771,0.00142004807381287,0.0019543241813824,0.0018152901441014,0.00113285926035548,0.00147908839696285,0.000993172231959505,0.00153749140379607,0.00180795120974807,0.00216326413056714,0.00139854486755344,0.212928091619866,0.975885
"P60",10,6,1,0.111111,0.658089215695534,-0.286333029195962,5.30972296270158,2.26130158388223,-0.880007383937314,1.13362474495306,-3.80373443989409,1.81574381416354,-3.15871625837351,-2.82043933236654,1.66625038649816,-0.919523288353677,0.0148106773103834,0.00765904397522149,0.00146725404905181,0.00122357949503351,0.00246467527702679,0.00201463179148739,0.00102546226489773,0.00138802731987382,0.000814571125714699,0.00106656399676034,0.000632599272092927,0.00098769198020347,0.00134846574788294,0.00120075595654409,0.21268032155049,0.978346
"P61",1,7,-1,0.333333,-0.679057882430183,-0.0540445801540067,0.54676116798084,-1.62654201310333,-0.0224525337700978,-1.17655232085082,-0.242133919576744,0.204043337885975,1.6414159618451,-1.36708426728562,-1.15268355793163,2.65319889093696,0.00020503048133374,0.00945999464633414,0.0010098529327998,0.0013143659839769,0.00138422671014073,0.000958874753618142,0.00120509627528648,0.000898503228948413,0.00138631007872974,0.000871545284761092,0.00143555970491089,0.00116257072367776,0.000731460535399757,0.00197780081564553,0.210505450941526,0.975187
"P62",2,7,-0.777778,0.333333,0.795656953210363,-0.716063308484906,4.26178695844098,0.174497595816501,-0.124516888336635,-0.529341115384757,-5.70630733091967,-1.17220170077872,-1.80785983953507,-1.06556439772036,-0.963495552751716,-1.43362457141421,0.0011100472504758,0.00945999464633414,0.00152022322221027,0.00104319688440286,0.00217619798678403,0.00137509770982084,0.00118742551683878,0.00103489682954757,0.000487343583120337,0.000684187855116272,0.000897383353882599,0.00125594473310171,0.000787162993460801,0.00110758128462572,0.211188195132695,0.978038
"P63",3,7,-0.555556,0.333333,2.33865854883227,1.6480600926431,1.25383794745646,-1.55374635948238,2.28059503026444,-0.593067893997048,1.23393475872161,2.00283103719196,-2.47351317006635,5.25708575952919,-1.55109336924567,-4.20529685424902,0.00245506620046429,0.00945999464633414,0.00199484949927021,0.00227964378744089,0.00157265193505114,0.000983122211910617,0.00162852624704161,0.00100964861450378,0.00169731380912119,0.00110502836423996,0.000779992496312966,0.00248630412872417,0.000662718970118191,0.000550181331749069,0.212922585618324,0.977936
"P64",4,7,-0.333333,0.333333,1.89090458175215,1.78663559437179,0.613186801599958,-0.592275778235018,-0.202001793544538,-1.96407488397206,-0.857791355912794,3.22002431373598,-1.39539524970181,0.441365695570038,1.49340993282899,-0.636273967366167,0.00414701832298852,0.00945999464633414,0.00184964519375921,0.00234666636295994,0.00139920317815875,0.00118644750724506,0.00115786711912134,0.000762696091775528,0.00127402623412738,0.00123776967976209,0.000958296208157127,0.00151021240958441,0.00129797186698718,0.00127815905471986,0.211408435194362,0.979201
"P65",5,7,-0.111111,0.333333,-1.21073264222311,2.27944219060947,1.3187985173789,0.00587279785510285,1.66795990030317,2.56860804021057,-0.682163572610951,-0.610723332985583,-6.36291816827017,7.49003556895409,-1.14862481046071,-8.14162876514196,0.00599280005068618,0.00945999464633414,0.000811262675483961,0.00258343522088914,0.00159351361758377,0.00133729898980915,0.0015123021478287,0.00167932704982409,0.00131263774715889,0.000771378374083674,0.000147224477441781,0.00289773951626602,0.00073705979875717,-9.71341587723211e-05,0.212757405572074,0.979566
"P66",6,7,0.111111,0.333333,3.18959382694843,1.57099800206634,1.93743151683988,-1.91113682014203,-0.512575410625137,0.814606758722345,0.468542893107624,4.21140174046405,-2.49745569202685,-1.19563626409577,-1.97921060846529,0.57831802876052,0.00799348332126369,0.00945999464633414,0.00228760451398197,0.00224911197031657,0.00172464004500804,0.00086165708844064,0.00109682889752871,0.00131140676959303,0.00151805473047164,0.00139480017376986,0.000758905374217097,0.00121180568142618,0.000510299170974703,0.00154526925155805,0.211848915317696,0.981257
"P67",7,7,0.333333,0.333333,-1.37726040529921,0.897359523969654,0.0777314280313198,-1.99873579592585,0.321269322857326,4.05504063240459,1.1130343524678,-0.598799373946187,-0.630375537256069,1.09131063443209,-2.09637061322133,0.541817591388985,0.00994355250147848,0.00945999464633414,0.000766056312229963,0.00186300226919518,0.00129512881932876,0.000836153677827324,0.00127827295441936,0.00197184007377971,0.00167530308370357,0.000775892151230016,0.0010635586972926,0.00163788492972372,0.000473463594585406,0.00153583666067944,0.213341041735492,0.972439
"P68",8,7,0.555556,0.333333,0.976136113407164,0.886555536031232,0.8248438168239,-2.66980135416245,0.475433576574949,-1.50689885861829,-0.861652520556687,1.90392445554383,2.35626241816603,-0.945360180019606,0.186362801175454,1.84049436656419,0.0119877004416447,0.00945999464633414,0.00159423165102688,0.00185302917057455,0.00144651706629078,0.0006024715116207,0.0013058255930201,0.000840159186241976,0.00126931333025702,0.001088450920608,0.00156409396231928,0.00128199444591507,0.0010179039343977,0.0017837996678764,0.212718863561282,0.97497
"P69",9,7,0.777778,0.333333,-1.93072027382301,-0.530465677317156,0.562832233022603,-1.12599540983881,-1.34660623217109,0.869261016048619,-1.5135470438484,0.762802709966217,-6.47745763057945,3.25018687975669,-1.50297241398656,-4.64692619121148,0.0131355376765542,0.00945999464633414,0.00060276820757304,0.00111768156156398,0.00138954599272848,0.00107224146067734,0.000958656906625446,0.00133323194461492,0.00117440783809887,0.000931303634690177,0.000100124763446024,0.00205222050636096,0.000677029568962238,0.000443209522092559,0.212988657636824,0.979281
"P70",10,7,1,0.333333,0.357689109140209,0.139215406078784,-1.49225164865965,1.09471680922476,-1.4146325329148,2.01624499986776,-0.156447603222985,-2.33344609338778,-2.19766727609408,-0.266923820313559,-0.294513112475077,-0.703264527196445,0.0148106773103834,0.00945999464633414,0.00137185879968743,0.00139977361419009,0.000964843206634307,0.00157006198262458,0.0009434837629898,0.00156146557853482,0.00140501670394472,0.000521377178470544,0.000835263640395712,0.0013979849041426,0.000913096616055054,0.00125470298161554,0.214398194031494,0.980777
"P71",1,8,-1,0.555556,4.11220635857136,0.0559693548689265,0.139926193146528,-1.02990628610322,-1.36775085172162,-1.82265108435262,2.43091426084057,3.28343883382215,0.889340799462531,-2.16955292358472,0.660625574506119,3.88114347983095,0.00020503048133374,0.0109762353508177,0.00258640675668298,0.00136105524189164,0.00130930161881682,0.00109057219588332,0.000956127649096739,0.000787237364898718,0.00189656060184785,0.00125271005182504,0.00129589494396804,0.00107317039786128,0.00110825708792064,0.00220199986282977,0.212201299416364,0.973439
"P72",2,8,-0.777778,0.555556,-3.77007775689455,0.965860585330273,-2.59494152537767,-2.68548257218466,1.30832811749952,0.869893922957447,3.00147192953141,-0.365289108572484,2.99731924175666,1.0963215106483,-2.65089010179065,1.3711320040713,0.0011100472504758,0.0109762353508177,-2.58340183057711e-05,0.00191777480741201,0.000652910553528348,0.000594796592766422,0.00145424399032326,0.00133366786277857,0.00205101885117339,0.000807754081927583,0.00165293010247418,0.00164169154787788,0.000343987718965284,0.00170710796050853,0.212371985464156,0.977919
"P73",3,8,-0.555556,0.555556,1.23586471145331,0.982499784308646,-0.0894157815119904,0.0241981106862789,-3.4359421103488,1.05138780756409,-0.547004121263064,-1.81886306384799,-0.28011822508985,-4.115470691244,-1.63837802123118,1.02531364467961,0.00245506620046429,0.0109762353508177,0.0016846183938154,0.00192768970393057,0.00125215945132306,0.00134743151801202,0.000545242724040072,0.00137001412954468,0.00133985314466415,0.000590762043247328,0.00112249126978343,0.00073029958582533,0.000643679909964775,0.00162940226376117,0.212553683515031,0.971737
"P74",4,8,-0.333333,0.555556,-0.486554992366186,1.11215584728322,4.12340481963999,-0.0552813184094941,-1.15584076280885,-0.779858776504483,-5.02153760512233,-2.54238999871031,0.558585677026477,-0.941807148335975,2.85985045452835,1.10011561983264,0.00414701832298852,0.0109762353508177,0.00110105614121527,0.00200002755550236,0.00214353379082965,0.00131097953962986,0.000980868737243206,0.000970269234700971,0.000628099864184485,0.00048586237544449,0.00125271664750798,0.00128684632734417,0.0016165066651551,0.00164366036358352,0.210945931064861,0.973938
"P75",5,8,-0.111111,0.555556,-1.09257687393283,1.27354624987882,1.62190385180102,-0.603410777932071,-1.90052358426485,-1.26240873984314,-1.51958255414197,-2.03276733504726,0.235377160933349,-0.0252496988138466,2.05581287249762,2.14200663763562,0.00599280005068618,0.0109762353508177,0.000844410582167833,0.00209573766139314,0.00165513396424117,0.00118000425272631,0.000835558114049248,0.000883669283748596,0.00116969583128297,0.000566163622778615,0.00119297072685376,0.00143328315172768,0.00147231997654437,0.00184090282975491,0.212217817420989,0.973915
"P76",6,8,0.111111,0.555556,1.93042535194484,2.56936450135481,3.55770900385627,1.05078344772305,-2.03414064969887,-3.27561558308821,-3.43347927234266,-1.02744765291393,1.30738401830888,-2.02814722541394,4.80027474118945,2.25159664227219,0.00799348332126369,0.0109762353508177,0.00186066538924093,0.00272445464686052,0.0019880247581745,0.00154812200318326,0.00080822741245014,0.000488353889631793,0.000873263613438646,0.00070411605767385,0.00137704751364041,0.00109863216681385,0.00222495157128189,0.00187018444090139,0.213583305803326,0.975082
"P77",7,8,0.333333,0.555556,-0.0382404874030415,0.229293943244945,3.01308733906965,-4.93612835170332,-5.84401319717035,-0.919827664324867,-5.29660102163025,0.776704726982804,-1.31821444187076,-6.06532176082549,-1.80051847117616,3.95404791871872,0.00994355250147848,0.0109762353508177,0.00125922487444338,0.00150324416353745,0.0019024441466224,8.68553623366616e-05,0.000161377473799153,0.000945860034160233,0.00057951826225265,0.000936158634794253,0.000970412497897551,0.000463372090614763,0.000579532924532092,0.00224469531368299,0.212625261535073,0.978424
"P78",8,8,0.555556,0.555556,-0.108348471061293,1.24249575419694,-0.898361176505599,1.80344110026387,1.05757878022722,1.38227042373385,1.646271223726,-2.99874661735595,2.08220248898569,1.33873826929997,1.29954132243348,-1.03843155075036,0.0119877004416447,0.0109762353508177,0.00124231500529157,0.00206644439311572,0.00108091702750576,0.00178695473572519,0.00141306556287981,0.00144854514086337,0.00176199645275459,0.000405661575829964,0.00151026111414245,0.00169642761589949,0.00125732456044395,0.00118220671104765,0.212751899570532,0.976427
"P79",9,8,0.777778,0.555556,-0.851715422583155,2.61243296616068,-5.98178550102516,-4.75511581097931,-6.09687160147545,2.38974450175396,2.66251131124727,0.142705822098453,3.75656899459554,-7.71882233103501,-3.15691999653416,5.46191930012175,0.0131355376765542,0.0109762353508177,0.000945279208837783,0.00275109531172037,9.76584688015566e-06,0.000123302330201404,0.000103448734425295,0.00163578495383146,0.00196313642233363,0.000861294785165916,0.00177227012050119,0.000243098603708643,0.00021499407961898,0.00253755293140783,0.212206805417906,0.974022
"P80",10,8,1,0.555556,1.79798166746858,2.94879519610057,2.2728512728157,-3.10237910976517,-0.136564005437335,-0.111831998838911,-4.46269011702548,2.59566464776568,0.299541015760956,-0.384365078726823,0.744428593671471,-1.99202794663465,0.0148106773103834,0.0109762353508177,0.00181772652071479,0.00295092320073752,0.00177584763852705,0.000490082582174331,0.00118088115192664,0.00111908284105592,0.000721645069068373,0.00116640871424976,0.00120648369311681,0.00138266515785742,0.00112797647967568,0.00102022911558155,0.212305913445656,0.977651
"P81",1,9,-1,0.777778,-1.05636382599574,-0.371214135597177,7.96791552139978,4.68640928983946,-0.757089404464422,-3.524098504962,-7.26830291162751,-2.2699588829482,-3.31630121807441,-3.32798688600978,1.53361089137479,0.0304056474030262,0.00020503048133374,0.0122010283511395,0.00086511142136078,0.00118239352774721,0.00308544171701078,0.00273484151775879,0.001056165349559,0.000398072557494962,0.000180024741838605,0.000535937038554876,0.000587861721188094,0.000867658111074761,0.00130611876935068,0.00142234027827575,0.21281246558749,0.974208
"P82",2,9,-0.777778,0.777778,-1.03359733661421,-1.06559280116576,2.86513149727425,2.47685457600843,-0.298243474229072,-2.93756221171773,-0.37841450070073,0.789824588072128,0.901993818301804,-1.24893756699241,3.80366268676904,0.861762756414283,0.0011100472504758,0.0122010283511395,0.000875654153677323,0.000812345604843905,0.00186762812670209,0.0020776181345823,0.00113977014600064,0.000563427498103593,0.00136415819766254,0.000939824298110243,0.00130011910781119,0.00119721663799443,0.00187816922772455,0.00158871056596503,0.210527474947693,0.977278
"P83",3,9,-0.555556,0.777778,-1.63949205465749,0.909084862531918,-0.587162764634097,3.46824547612685,2.16923644093285,-0.43449970751645,0.611029869515328,-1.04553542132388,-1.80259540094517,3.15073505121481,1.65895282161169,-2.11238816839863,0.00245506620046429,0.0122010283511395,0.000691369253099212,0.00187570579797878,0.00114053149329837,0.00243210023443822,0.00160474787088956,0.00106050824094422,0.00156886827835891,0.000699810082453179,0.000905450875507562,0.00203661021787505,0.00134411886494231,0.000991879593750579,0.212961127629116,0.975776
"P84",4,9,-0.333333,0.777778,-1.57852733713574,0.659208371031306,0.414371567405714,-4.00009441606925,-2.72794787540217,-2.775719546465,-4.63750615269287,2.44034803995543,-0.46102691654282,-4.44412093616907,-3.16754995083566,0.851709442435215,0.00414701832298852,0.0122010283511395,0.000713232418608994,0.00171017347664206,0.0013579314364741,0.000258650584881854,0.000696425213806688,0.000596515706086466,0.00068631390461977,0.0011499021712394,0.00108387046366013,0.000680762617165409,0.000199869482418783,0.00158437958922028,0.212906067613699,0.981779
"P85",5,9,-0.111111,0.777778,2.98936599052358,0.778323316192838,-5.50901557927555,2.16691840285126,-2.85834767228186,-0.56937884948596,4.28340708073092,-1.30760840729552,-0.900375609064813,-1.51293430202957,0.0879657075854533,1.29701693370774,0.00599280005068618,0.0122010283511395,0.00221243028931177,0.00176983411352324,8.56720352792368e-05,0.00197198488926422,0.000673035634648434,0.00102286901510403,0.00227958754705028,0.000661276300529641,0.00103045359197323,0.001151165149512,0.00100148172797707,0.00169611010308594,0.211760819293029,0.984332
"P86",6,9,0.111111,0.777778,3.17778804778666,-1.12202889062277,5.14889194644345,-0.998225559084502,-3.81346015664918,-0.959777486878225,-5.40091071367929,3.71639899030653,-2.11911798016873,-8.66093493712619,-1.85891358496156,2.87387594485864,0.00799348332126369,0.0122010283511395,0.00228018853079384,0.000782026325267529,0.00239210817266242,0.0011004292478924,0.000485276173225728,0.000936737138384799,0.000551905685755263,0.00131413414480406,0.000854313093882722,0.000119979728411786,0.000554263173504659,0.0020134549072575,0.212360973461073,0.967102
"P87",7,9,0.333333,0.777778,-0.276536738881602,1.93612290815157,4.05427909370489,3.72607237938314,3.70367590933338,-2.20378459747531,-1.47825343337242,2.17827676555687,1.15805555198811,-0.213795729026989,3.0845639307963,0.948913885038015,0.00994355250147848,0.0122010283511395,0.00118213684663758,0.00240690408123563,0.00212001346463709,0.00255946667906728,0.0019535870893105,0.000693991946565663,0.00118230047307214,0.00112087187082685,0.00133109450393674,0.00140696852392463,0.00167326049270425,0.00161096033607306,0.211981059354697,0.979476
"P88",8,9,0.555556,0.777778,0.575711526913311,1.31214663260452,-0.268012189868365,-0.705613573758658,-2.13023897152935,1.19702824872927,-0.603553867017725,1.88046084556541,-1.03039205173336,-1.27927530370526,1.64537578420231,-0.742186429262607,0.0119877004416447,0.0122010283511395,0.00143099069168836,0.00213082424372138,0.00120715635812979,0.00115477820182436,0.000790776938244731,0.00140176541463705,0.00132681808954046,0.00107905588664358,0.00101063233874138,0.00118988323856551,0.00133580840280664,0.00124355613135007,0.211804867305363,0.977162
"P89",9,9,0.777778,0.777778,3.80961379787328,2.48915082315425,0.0246816652480518,0.45881715518496,-0.200670117983797,3.28927368774081,0.147061636361338,-1.48617395195503,-5.36401204673155,1.15527097854081,-5.18965818911511,-2.85166739135431,0.0131355376765542,0.0122010283511395,0.00249638543087076,0.00269109877204598,0.00127877160797334,0.00142946958970492,0.00116041214656965,0.00182779252584991,0.00145648034747321,0.000627961624322753,0.000278407709116556,0.00165408194742002,-0.00010888081620351,0.000806089644784414,0.213159343684616,0.979344
"P90",10,9,1,0.777778,2.08660375632101,-1.55486320438497,5.04884416224847,-0.167566451848309,0.158522966708066,-3.1155372200052,-8.14140371269714,3.07069627169016,-3.42034807432496,-1.32012578791896,-0.326052980718556,-4.9988024181757,0.0148106773103834,0.0122010283511395,0.00190568138284913,0.000631601118838317,0.00235346268502756,0.00127254909997982,0.00124318705220911,0.000531491129927314,2.67925572617448e-06,0.00121678815793569,0.000552167410761936,0.00117207019719409,0.000896686909636666,0.000308121743283151,0.212416033476489,0.98757
"P91",1,10,-1,1,-2.53428532876973,0.164038130260854,3.65749901622171,2.33961830357645,4.13116289237081,-0.589628093638913,-1.97298237050725,0.728812144210805,-3.34826146378272,2.91707276646377,-2.58371447337148,-4.55430764561288,0.00020503048133374,0.0138964158552375,0.000297163289888783,0.00143521798499567,0.00201417137755103,0.00205126693161335,0.00206624214743562,0.00101431974107197,0.00109629468252094,0.000920550486118607,0.000570144717534524,0.00199685366949328,0.000361704387500682,0.00046976110594499,0.213759497852659,0.971027
"P92",2,10,-0.777778,1,-0.47602379855451,0.696307930568416,1.28732616132461,3.48171714159079,1.63692368900891,0.211897964474541,-1.30647712671498,-1.57723201226497,-2.51138190532936,0.588251847235591,-1.53203597691446,-2.8374416156289,0.0011100472504758,0.0138964158552375,0.00110647483059752,0.00172667372557733,0.00158541252086859,0.00246085822523663,0.00150100760806449,0.0011730262535634,0.00121012757631216,0.000616585087610967,0.000747336254575401,0.00154422278678205,0.000667403713211168,0.000813056032161874,0.212405021473406,0.976352
"P93",3,10,-0.555556,1,-0.855073418886159,-2.33691115250777,1.4208515248243,0.862447584123892,3.60179441422179,0.0184773065743969,-0.11828701277928,1.92084196056109,1.6910238127468,0.186191247160376,-0.340857181655914,-0.112587297066849,0.00245506620046429,0.0138964158552375,0.000939536367429504,0.000153451056446769,0.00161830912092466,0.00151235750256972,0.00192283408193898,0.00114103869442798,0.00141465782970853,0.0010926356471734,0.00144676988994457,0.00146878234517252,0.000888575163330881,0.00136946643354397,0.21274639356899,0.979904
"P94",4,10,-0.333333,1,1.05250125201389,-0.893192276985854,1.13805510360497,3.68999443250853,2.74001408759651,1.27355969787851,-0.698577676365772,-1.34171315317564,-0.965751522777653,2.17790952523991,0.88730676194207,-3.708298956143,0.00414701832298852,0.0138964158552375,0.00163570258563629,0.000893801263026108,0.00154492418473779,0.0025396901782979,0.00171592543183519,0.00141835336711792,0.00130694718637053,0.00065157880316508,0.00102101227051744,0.00183180733357022,0.00116029143890296,0.000644124857810443,0.213787027860368,0.980313
"P95",5,10,-0.111111,1,0.745199236866614,2.73309531537715,-1.861798507647,-1.26253227446882,-1.46447486859952,-2.21004866189402,-0.586856411547073,-3.08852096698096,4.39784418254576,-4.95372273811846,-3.54282610303194,3.8354771481153,0.00599280005068618,0.0138964158552375,0.00150120769662999,0.00281346502802921,0.000882470992361676,0.00104334513269879,0.000929020484526663,0.000690216998142011,0.00133125536119115,0.000390062897513942,0.00186794935700128,0.000568637364170533,0.000155752417544221,0.00219107675592149,0.212834489593657,0.977354
"P96",6,10,0.111111,1,0.108515644556927,1.35271795671318,-1.88873116567207,1.07113476115167,0.628479997316755,-0.381937240527601,0.497063343958867,1.28495917739601,-3.13262635863728,0.325087438372759,-1.9963567812122,-3.09890952320439,0.00799348332126369,0.0138964158552375,0.00129878321048779,0.00216012698370279,0.000869463206887682,0.00155359826301645,0.00133396305705154,0.0010697987258994,0.00153066957121715,0.000997320247815408,0.000650545763459451,0.00149036011002909,0.000502578105212213,0.000751629504473959,0.21346767977095,0.974122
"P97",7,10,0.333333,1,-1.81880090212801,1.36159832559704,2.95138399508931,1.94067032358272,1.97738618805078,-4.60871377992017,-0.813452032044951,-0.735802606569683,1.16503192676967,1.50233928082717,2.04819248969363,2.36101965159057,0.00994355250147848,0.0138964158552375,0.000628780912488878,0.0021692567756322,0.00188825198831232,0.00186349360431286,0.00156225040169155,0.000226203432166441,0.00128076012042478,0.000744924073605093,0.00133787880015876,0.0017256506564169,0.00146399764577577,0.00190044428152487,0.211832397313071,0.973601
"P98",8,10,0.555556,1,0.998087211326375,0.824690308319409,1.53274908767846,2.97020316107016,0.632633162097046,-0.624953339228011,-1.80652332956071,1.07387859703825,-1.64870873766357,-2.87733619438719,-1.84558018580915,-2.55599899920798,0.0119877004416447,0.0138964158552375,0.00161167264145739,0.00180973176944861,0.00163937441290884,0.00221041379852973,0.00133659257642608,0.000998347669109191,0.00112321697685334,0.000975990690527415,0.000924182004890288,0.000965086953057012,0.000560473088019078,0.000872641137651802,0.212460081488823,0.981806
"P99",9,10,0.777778,1,0.866320465573511,0.3924577878696,1.00680220719899,-2.20962925675741,-0.421789095698599,0.303312370832084,0.278610595829911,-0.439041642477402,0.481809480851667,2.14215246832691,0.967331092329771,0.0366916054137911,0.0131355376765542,0.0138964158552375,0.00155782689398932,0.0015921939087672,0.00150550582983675,0.000774590019167641,0.00111452949069728,0.00119104254974664,0.00148593096467169,0.000800283760706143,0.00124541781993868,0.0018195046766569,0.00118359589228984,0.00142524137250405,0.212691333553573,0.983182
"P100",10,10,1,1,0.267022471388088,0.209961325523737,-0.410831708172318,2.18076081899369,3.05542244796421,2.66925397036397,5.68665639242424,0.798538785898735,1.26238768737688,2.23589656195324,1.77280615567682,2.41230706416792,0.0148106773103834,0.0138964158552375,0.00134327089737038,0.00149156625262348,0.00117283252255627,0.00198140675916726,0.00177954934187774,0.00173488627793821,0.00266245913354143,0.000943298243220759,0.00136229779745095,0.00185441177808584,0.00138331058699024,0.00191763203251215,0.212917079616782,0.982252
