Sim,R_E1,R_E2,Percentile
Case1:2889863491989,0.131299163620026,0.125620864674813,75%
Case1:2889863491989,0.30389490707819,0.304633075076143,95%
Case1:2889863491989,0.407249301926265,0.404522063471901,99%
Case1:4196126074995,0.12938267803971,0.129211220035398,75%
Case1:4196126074995,0.299448255524677,0.301686949491948,95%
Case1:4196126074995,0.404612644440272,0.416980346878532,99%
Case1:4128918927628,0.129631965521624,0.12936380511247,75%
Case1:4128918927628,0.302702341743483,0.305152057038011,95%
Case1:4128918927628,0.411520574851227,0.421315651475932,99%
Case1:8859898358582,0.124559848536561,0.129406169434402,75%
Case1:8859898358582,0.298034135772141,0.298493353288094,95%
Case1:8859898358582,0.403990810851056,0.418718295853764,99%
Case1:4592125687282,0.125110729673454,0.129264559522734,75%
Case1:4592125687282,0.30472359092936,0.299723471419985,95%
Case1:4592125687282,0.41675395512699,0.399206933909838,99%
Case1:1810467011062,0.126684047993072,0.129121546660288,75%
Case1:1810467011062,0.295413334861646,0.303898869310211,95%
Case1:1810467011062,0.405104359384803,0.412760223869653,99%
Case1:8266232826979,0.127476189374388,0.125432403786767,75%
Case1:8266232826979,0.301739857878058,0.295714216473124,95%
Case1:8266232826979,0.411219094890554,0.405908040756389,99%
Case1:1802264053141,0.128339763214524,0.127979392988532,75%
Case1:1802264053141,0.298659949051759,0.300828241736255,95%
Case1:1802264053141,0.410027466614283,0.406783279166184,99%
Case1:9698520718839,0.132542566400812,0.13227538500581,75%
Case1:9698520718839,0.305347740881934,0.309124618228089,95%
Case1:9698520718839,0.415668086330789,0.409035796997795,99%
Case1:1442299973452,0.126730323647029,0.133431594656018,75%
Case1:1442299973452,0.299802403210736,0.308089399813431,95%
Case1:1442299973452,0.411532421858835,0.416504272000752,99%
Case2:4207685783970,0.089000006823334,0.084769968033984,75%
Case2:4207685783970,0.216253612140738,0.209130313722983,95%
Case2:4207685783970,0.304085186416912,0.289962949616059,99%
Case2:1749818164389,0.086363080078942,0.086957572333336,75%
Case2:1749818164389,0.210293436876468,0.210410855880855,95%
Case2:1749818164389,0.295675975467848,0.295679113904613,99%
Case2:6575058632296,0.089523831897058,0.087283631349474,75%
Case2:6575058632296,0.211041469599367,0.214289227130228,95%
Case2:6575058632296,0.304535628417433,0.287406461536865,99%
Case2:4223012060392,0.086265547871163,0.085350442711418,75%
Case2:4223012060392,0.210521023410261,0.203215647117303,95%
Case2:4223012060392,0.301946097944435,0.293968295320181,99%
Case2:1688198020681,0.084812838326693,0.084178285796357,75%
Case2:1688198020681,0.211669592418946,0.204612509789498,95%
Case2:1688198020681,0.295561851891176,0.286687603779988,99%
Case2:8676247830036,0.083506054431214,0.087175587193141,75%
Case2:8676247830036,0.205028366168429,0.210196662801879,95%
Case2:8676247830036,0.287373590000365,0.28797379682971,99%
Case2:6141913321101,0.086266218562751,0.085509837169236,75%
Case2:6141913321101,0.209916050366424,0.20995626366713,95%
Case2:6141913321101,0.294150258223214,0.2956975571887,99%
Case2:2213962186360,0.087442543908662,0.087330457441177,75%
Case2:2213962186360,0.211700177947653,0.210691870485702,95%
Case2:2213962186360,0.295717648594647,0.297810594459995,99%
Case2:9278521810890,0.084749657211506,0.088241976469651,75%
Case2:9278521810890,0.207381011402575,0.210186797718449,95%
Case2:9278521810890,0.28282256714629,0.295555704164804,99%
Case2:8134827591478,0.091087066345409,0.088115461426714,75%
Case2:8134827591478,0.212422950699904,0.210556016008642,95%
Case2:8134827591478,0.299833303110758,0.297728827177784,99%
Case3:1881494860397,0.12903631266875,0.126433215647616,75%
Case3:1881494860397,0.29561570514121,0.292176839014667,95%
Case3:1881494860397,0.406758241311919,0.394387276694428,99%
Case3:8792449324158,0.132186500069733,0.12402292037862,75%
Case3:8792449324158,0.302523531586215,0.283880314881222,95%
Case3:8792449324158,0.410604052562226,0.393749971308749,99%
Case3:5295954239088,0.128717338623392,0.122308614468464,75%
Case3:5295954239088,0.303278571906096,0.276728113770889,95%
Case3:5295954239088,0.410416159552003,0.381217577366607,99%
Case3:8999846339690,0.130804494386852,0.120884982649148,75%
Case3:8999846339690,0.298885058228226,0.28495376616517,95%
Case3:8999846339690,0.410730502754312,0.38270404940091,99%
Case3:2602608872577,0.131986592170632,0.115731026870014,75%
Case3:2602608872577,0.309219097024591,0.279136798846965,95%
Case3:2602608872577,0.421652921447429,0.389508948872746,99%
Case3:9081900117452,0.129869991051374,0.121759225809895,75%
Case3:9081900117452,0.29747130599821,0.289816944470612,95%
Case3:9081900117452,0.409924514236789,0.385375873890517,99%
Case3:1582596794702,0.1288868006776,0.123525739314873,75%
Case3:1582596794702,0.30175197288257,0.283373593181563,95%
Case3:1582596794702,0.414268580636544,0.387431880822814,99%
Case3:1292720835655,0.129334847959772,0.120844309610074,75%
Case3:1292720835655,0.305905360992983,0.287624045212936,95%
Case3:1292720835655,0.423065571956668,0.394629418462911,99%
Case3:6099690822883,0.126252969235264,0.127449396463478,75%
Case3:6099690822883,0.299189455834951,0.287201391190508,95%
Case3:6099690822883,0.39815088862865,0.39516218846433,99%
Case3:6657938631018,0.135711070008997,0.121555804562838,75%
Case3:6657938631018,0.31318057217317,0.283496981053692,95%
Case3:6657938631018,0.414632094445677,0.388049242933155,99%
Case4:4693516184575,0.13131544721357,0.127478224668824,75%
Case4:4693516184575,0.302079324665557,0.294836213552567,95%
Case4:4693516184575,0.414840890894956,0.395398597762743,99%
Case4:2591104706283,0.129404398009755,0.126882044810773,75%
Case4:2591104706283,0.302315220863528,0.300092309174698,95%
Case4:2591104706283,0.419690147643342,0.397752643936032,99%
Case4:9785941433393,0.128621788419495,0.128359552577031,75%
Case4:9785941433393,0.302336612157681,0.293965141396064,95%
Case4:9785941433393,0.409573613394746,0.400840843777822,99%
Case4:6153876761206,0.121732804524461,0.12644664669513,75%
Case4:6153876761206,0.299446110109534,0.300281155906723,95%
Case4:6153876761206,0.420627499923719,0.409693668899062,99%
Case4:6004202094859,0.130032814791626,0.125010540268392,75%
Case4:6004202094859,0.30939682286479,0.295493034103932,95%
Case4:6004202094859,0.425126396026673,0.398529978834783,99%
Case4:5434225959004,0.131282840787504,0.122157824526942,75%
Case4:5434225959004,0.307164443457678,0.288829232503221,95%
Case4:5434225959004,0.413870981257561,0.397694333609876,99%
Case4:1723367103375,0.123812033846079,0.124684807325843,75%
Case4:1723367103375,0.296420595484942,0.290616040972883,95%
Case4:1723367103375,0.405069027516841,0.402298409356117,99%
Case4:4030688734724,0.129157446466681,0.128930637334016,75%
Case4:4030688734724,0.297600679971354,0.29562619232178,95%
Case4:4030688734724,0.399840600660982,0.400375236722123,99%
Case4:8748231054981,0.133090976347682,0.121893682553052,75%
Case4:8748231054981,0.312786042718573,0.298916218061251,95%
Case4:8748231054981,0.409976181018152,0.397098684540497,99%
Case4:8435562691650,0.128358326276437,0.127842469594452,75%
Case4:8435562691650,0.297370047532081,0.288238884079912,95%
Case4:8435562691650,0.400637693442791,0.387647571944715,99%
