0.901669,0.906372,0.877429,0.817881,0.733978,0.634076,0.527264,0.422001,0.325071,0.240998,0.943814,0.949192,0.919286,0.857257,0.769629,0.66515,0.553342,0.443079,0.341485,0.253315,0.950204,0.956078,0.926376,0.86425,0.776253,0.671185,0.558641,0.44757,0.345161,0.256228,0.920124,0.926267,0.89792,0.838104,0.753143,0.651551,0.542619,0.435022,0.335743,0.249461,0.85701,0.863178,0.837193,0.781839,0.702983,0.608538,0.507156,0.406924,0.314357,0.233835,0.767811,0.773765,0.750901,0.70168,0.63133,0.546923,0.4562,0.366408,0.283395,0.211103,0.661722,0.667262,0.647966,0.605923,0.545609,0.473095,0.39504,0.317685,0.246078,0.183632,0.548636,0.553614,0.538011,0.503528,0.453845,0.39397,0.329406,0.26532,0.205902,0.153996,0.43765,0.441976,0.429904,0.402762,0.363453,0.315944,0.264603,0.213544,0.166111,0.124585,0.335941,0.339584,0.330666,0.310177,0.280315,0.244097,0.204854,0.165732,0.129297,0.0973133
0.782593,0.832171,0.857789,0.856844,0.829116,0.776861,0.704516,0.618092,0.524347,0.429908,0.753918,0.804456,0.831986,0.833718,0.809179,0.760341,0.691372,0.608059,0.51701,0.424773,0.700084,0.749554,0.777739,0.781788,0.76102,0.717073,0.653717,0.576319,0.491099,0.404293,0.626605,0.673115,0.700654,0.706442,0.689649,0.651574,0.595491,0.5262,0.44934,0.370628,0.540554,0.582557,0.608271,0.615103,0.602149,0.570383,0.522545,0.462767,0.395975,0.327211,0.449437,0.485879,0.508847,0.516025,0.50651,0.480987,0.441665,0.39197,0.336046,0.278176,0.360139,0.390518,0.410157,0.417079,0.410437,0.390686,0.359538,0.319729,0.274616,0.227704,0.278119,0.302452,0.318539,0.324759,0.320368,0.305644,0.281866,0.251137,0.216078,0.179448,0.206985,0.225714,0.238343,0.243599,0.240862,0.230286,0.21279,0.189935,0.163689,0.136141,0.148452,0.162306,0.171811,0.176009,0.174412,0.167091,0.154683,0.138304,0.119375,0.0994227
0.740811,0.828416,0.8913,0.922566,0.918627,0.879878,0.810632,0.718332,0.612225,0.501844,0.687798,0.768901,0.827055,0.855884,0.852076,0.816009,0.75169,0.666021,0.567577,0.465194,0.614957,0.687251,0.739033,0.764626,0.761087,0.728765,0.671244,0.594687,0.506746,0.415305,0.529548,0.591601,0.635998,0.657873,0.654709,0.626816,0.57728,0.511399,0.435749,0.357105,0.43923,0.490523,0.527179,0.545182,0.542459,0.519275,0.478189,0.423588,0.360913,0.295771,0.350959,0.391795,0.420943,0.43521,0.432954,0.414392,0.381567,0.337978,0.287963,0.235988,0.270179,0.301497,0.323822,0.334711,0.33291,0.318591,0.293327,0.259805,0.221355,0.181406,0.200417,0.223556,0.240028,0.248034,0.246649,0.236007,0.217272,0.192433,0.163953,0.134368,0.143272,0.159745,0.171456,0.177125,0.1761,0.168477,0.155089,0.137353,0.117026,0.095913,0.098716,0.110017,0.11804,0.121909,0.121178,0.115916,0.106695,0.0944908,0.0805081,0.0659873
0.539002,0.63337,0.717161,0.782459,0.822591,0.833246,0.813241,0.764732,0.692834,0.604732,0.541854,0.636604,0.720601,0.785872,0.82572,0.83585,0.815135,0.765815,0.693107,0.604288,0.529192,0.621596,0.70337,0.766719,0.805114,0.814404,0.793549,0.744819,0.673377,0.586388,0.502179,0.589718,0.667045,0.726749,0.762654,0.770861,0.750452,0.703655,0.635443,0.552667,0.4631,0.543669,0.614697,0.669345,0.701932,0.70891,0.689495,0.645814,0.582522,0.505985,0.415056,0.487103,0.550483,0.599063,0.62777,0.633468,0.615514,0.575884,0.518812,0.450044,0.361567,0.424165,0.479108,0.521052,0.545598,0.550055,0.533918,0.498971,0.448955,0.388911,0.306161,0.359008,0.405279,0.440453,0.460824,0.46415,0.450055,0.420101,0.377501,0.326555,0.252009,0.29536,0.333219,0.361869,0.378277,0.380633,0.368668,0.343713,0.308451,0.266441,0.201659,0.236215,0.266311,0.288977,0.301805,0.303373,0.293503,0.273296,0.244926,0.211261
0.794106,0.8725,0.922139,0.93746,0.916677,0.862125,0.779829,0.678406,0.56758,0.456666,0.828725,0.910645,0.962557,0.97864,0.957021,0.90013,0.814251,0.70838,0.592676,0.476867,0.831785,0.914109,0.966313,0.982545,0.960912,0.903847,0.817656,0.711373,0.595198,0.478906,0.802901,0.882454,0.932935,0.948681,0.927858,0.872808,0.789617,0.687007,0.574828,0.462526,0.745323,0.819245,0.866181,0.880864,0.861585,0.810511,0.733292,0.638025,0.533861,0.429572,0.665338,0.731387,0.773345,0.786505,0.769335,0.723766,0.654839,0.569785,0.476775,0.383645,0.571139,0.62788,0.663942,0.67528,0.660572,0.621473,0.562309,0.489288,0.409429,0.329461,0.471441,0.51831,0.548109,0.557497,0.545378,0.513118,0.464285,0.404005,0.338073,0.272046,0.374187,0.411408,0.435082,0.442553,0.432949,0.407353,0.368596,0.320748,0.268408,0.215991,0.285571,0.313991,0.332072,0.337786,0.330466,0.310937,0.281361,0.244841,0.204892,0.164881
0.551273,0.646141,0.731553,0.800126,0.845463,0.863134,0.851393,0.811456,0.747301,0.665015,0.563591,0.660417,0.747515,0.817345,0.863391,0.881156,0.86889,0.827869,0.762183,0.678064,0.556148,0.651561,0.737316,0.805982,0.851146,0.868401,0.85605,0.815384,0.750463,0.667448,0.529613,0.620366,0.701869,0.76705,0.80982,0.826003,0.814015,0.775113,0.713185,0.634109,0.486618,0.569919,0.644674,0.704389,0.743481,0.758133,0.746915,0.711008,0.654005,0.581319,0.431323,0.505094,0.571251,0.624038,0.658514,0.671316,0.661195,0.629221,0.578598,0.514136,0.368751,0.431773,0.488251,0.533265,0.562598,0.573387,0.564583,0.53712,0.493753,0.438605,0.30403,0.355956,0.402459,0.439482,0.463553,0.472321,0.464937,0.442185,0.406353,0.360849,0.241708,0.282965,0.31989,0.349254,0.368302,0.375172,0.3692,0.351024,0.322472,0.286263,0.185269,0.216876,0.245144,0.2676,0.282132,0.28732,0.282663,0.268661,0.246725,0.218943
0.579186,0.668329,0.744543,0.80096,0.832244,0.835423,0.810354,0.759715,0.688538,0.603385,0.574368,0.663757,0.740521,0.797751,0.830027,0.83427,0.810223,0.760463,0.68995,0.605213,0.551176,0.638006,0.71294,0.769245,0.801588,0.806871,0.784721,0.73752,0.669988,0.588409,0.511888,0.59359,0.664473,0.718184,0.749636,0.755809,0.736224,0.692996,0.630465,0.554474,0.460144,0.534607,0.599573,0.649236,0.678898,0.685702,0.669088,0.630862,0.574874,0.506382,0.400393,0.466123,0.523806,0.568303,0.595411,0.602515,0.589006,0.556364,0.507888,0.448151,0.337274,0.393465,0.443071,0.481691,0.505685,0.512734,0.502219,0.475301,0.434709,0.384294,0.275041,0.321555,0.362867,0.395329,0.415885,0.422552,0.414729,0.39329,0.360419,0.319247,0.217136,0.254415,0.287725,0.31414,0.331179,0.3372,0.331651,0.315162,0.289418,0.256882,0.165947,0.194869,0.220868,0.24167,0.25533,0.26053,0.256791,0.244543,0.225045,0.200169
0.168004,0.236649,0.321231,0.420107,0.529234,0.642098,0.750149,0.843766,0.913624,0.952208,0.167079,0.235217,0.319094,0.417048,0.52504,0.636599,0.743261,0.835521,0.904191,0.941893,0.160241,0.2254,0.305511,0.398947,0.501823,0.607946,0.70925,0.796701,0.861595,0.896966,0.148184,0.208209,0.2819,0.36772,0.462065,0.559229,0.651809,0.731548,0.790511,0.822377,0.132113,0.185383,0.25067,0.326574,0.409871,0.4955,0.576922,0.64687,0.698387,0.725961,0.113548,0.159091,0.214804,0.279453,0.350264,0.422909,0.491827,0.550866,0.594158,0.617079,0.0940756,0.131589,0.177385,0.230417,0.288382,0.347717,0.403869,0.451823,0.486819,0.505123,0.0751343,0.104906,0.14117,0.183072,0.228768,0.275433,0.319479,0.356968,0.384185,0.398234,0.0578449,0.0806117,0.108279,0.140172,0.17487,0.210215,0.243481,0.271695,0.292065,0.302428,0.0429309,0.0597087,0.0800476,0.103436,0.128816,0.154602,0.178798,0.199244,0.213918,0.221267
0.381318,0.467808,0.552822,0.629301,0.690095,0.72905,0.742036,0.727668,0.687552,0.625987,0.397187,0.484804,0.569956,0.645422,0.70404,0.739818,0.748945,0.730462,0.686424,0.621525,0.403772,0.490485,0.573824,0.646578,0.701745,0.733634,0.738838,0.716828,0.670045,0.603453,0.40021,0.484004,0.56367,0.632186,0.682869,0.710449,0.711967,0.687303,0.639189,0.572706,0.38633,0.465334,0.539673,0.602683,0.648143,0.671286,0.669624,0.643391,0.595486,0.53095,0.362756,0.43536,0.503022,0.559579,0.599383,0.61823,0.61409,0.587471,0.541311,0.480452,0.330901,0.395867,0.455876,0.505386,0.539402,0.554304,0.548487,0.522641,0.479619,0.423919,0.29286,0.349391,0.401195,0.443425,0.471783,0.483232,0.476535,0.45248,0.413719,0.364294,0.251173,0.298952,0.342426,0.377488,0.400535,0.409087,0.402219,0.380732,0.346995,0.304519,0.208521,0.247694,0.28312,0.31142,0.329666,0.335882,0.329398,0.310965,0.282616,0.247296
0.183306,0.254687,0.341402,0.441121,0.549082,0.658209,0.759726,0.844256,0.903229,0.930309,0.183299,0.255379,0.343056,0.444024,0.553515,0.664405,0.767822,0.854254,0.914966,0.943453,0.17669,0.246741,0.332063,0.430458,0.537333,0.645783,0.747178,0.832226,0.892361,0.921155,0.164114,0.229633,0.309541,0.401824,0.502222,0.604297,0.699965,0.780496,0.837801,0.865771,0.146831,0.205804,0.277823,0.361115,0.451877,0.54433,0.631192,0.704566,0.757104,0.783222,0.126506,0.177587,0.240049,0.31239,0.391346,0.471926,0.547815,0.612142,0.658486,0.68193,0.10494,0.147514,0.199642,0.260101,0.326193,0.393772,0.457571,0.511835,0.551165,0.5714,0.0837968,0.117941,0.159802,0.20842,0.261654,0.316188,0.367795,0.411839,0.443953,0.460747,0.0644047,0.0907529,0.123097,0.160716,0.201972,0.244315,0.284481,0.318878,0.344107,0.357512,0.0476392,0.067202,0.0912477,0.119254,0.150017,0.18165,0.21173,0.237578,0.256648,0.266939
0.845076,0.852766,0.830302,0.780191,0.707667,0.619792,0.52432,0.428599,0.338694,0.258876,0.797545,0.808008,0.790019,0.745582,0.679333,0.597737,0.508054,0.417286,0.331327,0.254438,0.727951,0.74062,0.72735,0.689615,0.631344,0.558238,0.476852,0.393635,0.314126,0.242435,0.64287,0.656982,0.64824,0.617612,0.568275,0.505068,0.433702,0.359917,0.288748,0.224025,0.549545,0.564251,0.559491,0.535792,0.4956,0.442863,0.382383,0.319096,0.257429,0.200836,0.45491,0.469383,0.46783,0.450418,0.418935,0.376474,0.326931,0.274408,0.222669,0.174726,0.364807,0.378345,0.379124,0.367055,0.343364,0.310378,0.271143,0.228956,0.186912,0.147554,0.283518,0.295605,0.297869,0.290058,0.272953,0.248232,0.218192,0.185391,0.152292,0.120972,0.213616,0.223945,0.226962,0.222331,0.210504,0.192636,0.170397,0.145706,0.120457,0.0962936,0.156083,0.164552,0.167756,0.16534,0.157529,0.145079,0.12916,0.111161,0.0924958,0.0744182
0.795378,0.857309,0.889946,0.889758,0.856824,0.794807,0.710286,0.611604,0.507522,0.40596,0.774579,0.837236,0.871563,0.873854,0.843914,0.785083,0.70363,0.607645,0.505723,0.405726,0.729491,0.790767,0.825566,0.830139,0.804037,0.750187,0.674347,0.584099,0.487596,0.39238,0.664492,0.722418,0.756427,0.762866,0.741078,0.693517,0.625291,0.543262,0.454908,0.367224,0.585487,0.63842,0.670473,0.678211,0.660833,0.620305,0.561002,0.488923,0.410698,0.332597,0.499042,0.545802,0.57494,0.583345,0.570139,0.536827,0.487021,0.425789,0.358812,0.291526,0.411507,0.451437,0.476992,0.485455,0.475935,0.449529,0.409112,0.358821,0.303362,0.247291,0.328291,0.361253,0.382882,0.390885,0.384418,0.364235,0.332545,0.292611,0.2482,0.203002,0.253394,0.279699,0.297366,0.304531,0.300436,0.285568,0.26156,0.230901,0.196505,0.161264,0.189234,0.209529,0.223459,0.229561,0.227191,0.216637,0.199066,0.176307,0.150543,0.123962
0.852858,0.918227,0.950359,0.945559,0.904381,0.831524,0.73495,0.624453,0.510034,0.400457,0.882415,0.950101,0.983398,0.978476,0.935903,0.86054,0.760623,0.646286,0.527881,0.41448,0.877709,0.945082,0.97825,0.973397,0.931084,0.856141,0.756761,0.643025,0.525233,0.412412,0.839272,0.903739,0.935498,0.930897,0.890466,0.818822,0.723798,0.615036,0.502386,0.394482,0.771481,0.830779,0.860011,0.855815,0.818675,0.752833,0.665489,0.565505,0.461939,0.362732,0.681736,0.734166,0.760029,0.756348,0.72355,0.66538,0.588199,0.499841,0.408312,0.32063,0.579124,0.623688,0.645682,0.642577,0.614732,0.565327,0.499766,0.424703,0.346941,0.272444,0.472924,0.509334,0.527313,0.524794,0.502067,0.46173,0.408193,0.346893,0.283384,0.222539,0.371255,0.399851,0.413978,0.412012,0.394181,0.36252,0.320495,0.27237,0.22251,0.174738,0.280164,0.301753,0.312424,0.310949,0.297498,0.27361,0.241897,0.205579,0.167948,0.131893
0.781349,0.829583,0.84885,0.837083,0.795572,0.728734,0.643341,0.54739,0.448885,0.354774,0.824256,0.877442,0.900223,0.890153,0.848333,0.779216,0.689826,0.588586,0.484021,0.383616,0.838616,0.895113,0.920842,0.913038,0.87255,0.803692,0.713483,0.610475,0.503425,0.400107,0.822946,0.880764,0.908561,0.903348,0.865689,0.799597,0.71183,0.61076,0.505059,0.402514,0.778949,0.835953,0.864712,0.862135,0.828494,0.767374,0.685044,0.589405,0.488742,0.390571,0.711204,0.765348,0.793869,0.793701,0.76485,0.71039,0.635925,0.548644,0.456177,0.365526,0.626386,0.675934,0.703064,0.704863,0.68112,0.634362,0.569419,0.492594,0.410668,0.329926,0.532189,0.575871,0.60064,0.603837,0.585097,0.546414,0.491796,0.426575,0.356561,0.287194,0.436189,0.473292,0.495005,0.498999,0.484823,0.453984,0.409686,0.35628,0.298565,0.241084,0.344886,0.375247,0.39353,0.397776,0.387508,0.363814,0.329165,0.286984,0.241093,0.195151
0.629006,0.708959,0.76945,0.80401,0.808761,0.783124,0.729936,0.654923,0.565675,0.47038,0.634098,0.716578,0.779787,0.816989,0.824006,0.799994,0.747599,0.672473,0.582259,0.485305,0.621589,0.704362,0.768605,0.807496,0.816672,0.795035,0.744963,0.671866,0.583221,0.487304,0.592591,0.673394,0.73689,0.776363,0.787392,0.768666,0.722232,0.653121,0.568441,0.476163,0.549456,0.626172,0.687184,0.726067,0.738474,0.722938,0.681151,0.617651,0.539003,0.452676,0.495466,0.566285,0.623259,0.660416,0.673611,0.661294,0.624798,0.568097,0.497084,0.418559,0.434443,0.497985,0.549668,0.584099,0.59745,0.588158,0.557223,0.508021,0.445696,0.376261,0.370326,0.425716,0.471238,0.502163,0.515064,0.508438,0.482992,0.441511,0.388353,0.328689,0.306778,0.353666,0.392576,0.419486,0.431426,0.427009,0.406701,0.372731,0.328685,0.27888,0.246877,0.285398,0.317657,0.340336,0.350939,0.34824,0.332519,0.305505,0.270065,0.229696
0.639123,0.734381,0.811573,0.862573,0.8817,0.866762,0.819469,0.745111,0.65158,0.547999,0.653144,0.751183,0.830905,0.883932,0.904365,0.889864,0.84209,0.76639,0.670814,0.564705,0.64607,0.743748,0.823454,0.876827,0.897936,0.884364,0.837668,0.763079,0.668542,0.56332,0.618633,0.712846,0.789992,0.841994,0.863078,0.850832,0.806662,0.73552,0.644997,0.543987,0.573438,0.661406,0.733688,0.782726,0.803082,0.792429,0.751989,0.686303,0.602391,0.508518,0.514556,0.594065,0.659617,0.704368,0.723362,0.714426,0.678588,0.619876,0.544575,0.460122,0.446935,0.516489,0.574022,0.613536,0.630659,0.623432,0.592688,0.541887,0.476475,0.40293,0.375726,0.434607,0.483465,0.517216,0.532125,0.526491,0.500962,0.458413,0.403417,0.341431,0.305664,0.35389,0.394027,0.421906,0.434444,0.430209,0.409689,0.375199,0.330451,0.279897,0.240589,0.278794,0.310684,0.332948,0.343127,0.340058,0.324096,0.297043,0.261815,0.221926
0.379132,0.4731,0.568989,0.659307,0.73584,0.790862,0.818415,0.815371,0.782018,0.722013,0.41069,0.513295,0.618109,0.716942,0.800808,0.861247,0.891727,0.888808,0.852785,0.787632,0.428631,0.536431,0.646658,0.750701,0.839104,0.902959,0.935376,0.932719,0.895273,0.827193,0.430919,0.539897,0.651427,0.756799,0.846444,0.911339,0.944497,0.942217,0.904764,0.836316,0.417235,0.523247,0.631827,0.734504,0.821964,0.885414,0.91804,0.91622,0.880185,0.813976,0.38905,0.488292,0.590014,0.686289,0.768394,0.828089,0.858982,0.857659,0.824315,0.762706,0.349361,0.438779,0.530495,0.617374,0.691555,0.745611,0.773769,0.772937,0.743267,0.68812,0.302158,0.379717,0.459323,0.534793,0.599313,0.646439,0.671155,0.670766,0.645384,0.597898,0.251754,0.316536,0.383071,0.446201,0.500242,0.539811,0.560715,0.560692,0.539816,0.500479,0.202143,0.254271,0.307843,0.358717,0.402326,0.434341,0.451387,0.451633,0.435127,0.403771
0.266775,0.347878,0.438842,0.535377,0.631468,0.719884,0.793001,0.843866,0.867272,0.860631,0.283317,0.368549,0.463709,0.564173,0.663565,0.754312,0.828535,0.879147,0.900964,0.89157,0.290242,0.37659,0.472541,0.573291,0.672326,0.762008,0.834492,0.882834,0.902076,0.890084,0.286812,0.371148,0.464403,0.561769,0.656834,0.742176,0.810274,0.854581,0.87055,0.856402,0.273384,0.352797,0.440162,0.530845,0.618762,0.696965,0.758512,0.797463,0.809819,0.794195,0.251347,0.323442,0.402339,0.483738,0.562074,0.631083,0.684593,0.71742,0.726194,0.70992,0.222887,0.285989,0.354675,0.425095,0.492348,0.550992,0.595742,0.622248,0.627786,0.611719,0.190627,0.243878,0.301522,0.360242,0.415877,0.463871,0.499867,0.520353,0.523225,0.508137,0.157236,0.200563,0.247201,0.294396,0.338744,0.376571,0.404418,0.419558,0.420437,0.40693,0.125074,0.159062,0.195439,0.232002,0.266067,0.294781,0.315497,0.326181,0.325735,0.314186
0.31657,0.397841,0.485044,0.573712,0.6583,0.732698,0.790904,0.827809,0.839918,0.825896,0.306681,0.385274,0.469561,0.555218,0.636892,0.708685,0.764816,0.800364,0.811968,0.798354,0.286674,0.360069,0.438757,0.518702,0.594908,0.661876,0.714219,0.747353,0.758153,0.745433,0.258632,0.324838,0.395816,0.467923,0.536656,0.597057,0.644271,0.674166,0.683927,0.672485,0.225257,0.282962,0.344838,0.40771,0.467654,0.520345,0.56155,0.587666,0.596233,0.586318,0.189447,0.238058,0.290205,0.343215,0.393779,0.43825,0.473053,0.495145,0.502447,0.494165,0.153892,0.193482,0.235979,0.27921,0.320473,0.356794,0.385249,0.403349,0.409391,0.402719,0.120773,0.151951,0.185451,0.219558,0.252144,0.280855,0.303379,0.317742,0.322593,0.317406,0.09159,0.115339,0.140885,0.166923,0.191828,0.213798,0.231061,0.242102,0.245878,0.241985,0.0671327,0.0846321,0.103481,0.122719,0.141144,0.157419,0.17023,0.178449,0.1813,0.178477
0.204176,0.267621,0.34056,0.420859,0.505163,0.58902,0.667192,0.734147,0.784663,0.814475,0.213647,0.279625,0.355295,0.438378,0.525344,0.611551,0.691577,0.759736,0.810706,0.840184,0.21518,0.281214,0.356763,0.439496,0.52584,0.611137,0.689992,0.756781,0.806284,0.834328,0.208613,0.27222,0.344819,0.424111,0.506623,0.587863,0.662662,0.725673,0.771968,0.79765,0.194691,0.253663,0.320811,0.39396,0.469862,0.544353,0.612671,0.669922,0.711631,0.734295,0.174922,0.227552,0.287337,0.3523,0.419523,0.485293,0.545391,0.595509,0.631734,0.651033,0.151315,0.196533,0.247779,0.303328,0.36066,0.416592,0.467531,0.509827,0.540187,0.556081,0.12604,0.163446,0.205743,0.251487,0.298587,0.34442,0.386043,0.420483,0.445069,0.457766,0.101107,0.130906,0.164531,0.200819,0.238106,0.274315,0.307128,0.334213,0.353486,0.363366,0.0781212,0.100989,0.126742,0.154484,0.182944,0.210541,0.235522,0.256128,0.270789,0.278316
0.681318,0.659308,0.616634,0.55731,0.486665,0.410546,0.334524,0.263249,0.20004,0.146763,0.741774,0.72205,0.679301,0.617551,0.542397,0.46017,0.377051,0.298324,0.227884,0.168037,0.784291,0.767787,0.726425,0.664091,0.586486,0.500253,0.412036,0.327651,0.251501,0.186312,0.805022,0.792376,0.753728,0.692701,0.614916,0.527135,0.436281,0.348544,0.268725,0.199912,0.801815,0.793284,0.758414,0.700456,0.624785,0.538075,0.447312,0.35887,0.277799,0.207448,0.774558,0.770007,0.739626,0.686224,0.614787,0.531701,0.443793,0.357407,0.277663,0.208049,0.725267,0.724213,0.698647,0.650908,0.585481,0.508285,0.425783,0.344071,0.268159,0.20153,0.657865,0.659578,0.638792,0.597386,0.539269,0.469762,0.394777,0.319979,0.250087,0.188443,0.577681,0.58131,0.564975,0.530134,0.480089,0.419472,0.353514,0.287294,0.225097,0.170003,0.490755,0.495455,0.483042,0.454604,0.41285,0.361678,0.305564,0.248901,0.195435,0.147896
0.701823,0.740163,0.754286,0.742734,0.706629,0.649502,0.576718,0.494652,0.409776,0.327835,0.746813,0.790443,0.808449,0.798976,0.762926,0.703821,0.627238,0.539942,0.448908,0.360422,0.76963,0.817437,0.838996,0.832089,0.79735,0.738169,0.660152,0.570246,0.475726,0.383241,0.768085,0.818539,0.842964,0.83885,0.806538,0.749176,0.672219,0.582572,0.487574,0.394025,0.742256,0.793556,0.819865,0.818482,0.789465,0.735634,0.662125,0.575582,0.48317,0.391611,0.694495,0.744755,0.771783,0.772807,0.747636,0.698711,0.630713,0.549831,0.462831,0.376136,0.629072,0.676524,0.703064,0.705973,0.68487,0.641793,0.580876,0.5077,0.428445,0.349042,0.551554,0.594728,0.619677,0.623846,0.60673,0.569977,0.517122,0.453037,0.383184,0.312853,0.468024,0.50588,0.528358,0.533155,0.519712,0.489315,0.444898,0.390576,0.331018,0.270784,0.384305,0.416294,0.435719,0.44059,0.43035,0.405973,0.36982,0.325256,0.27614,0.226271
0.679033,0.726175,0.749331,0.745958,0.71632,0.663446,0.592617,0.510487,0.424049,0.339665,0.749554,0.802478,0.828896,0.825898,0.793693,0.735583,0.657395,0.566511,0.470712,0.377096,0.797535,0.854752,0.883752,0.881328,0.847613,0.786071,0.702897,0.60598,0.503662,0.40357,0.817874,0.87743,0.908048,0.906329,0.872319,0.809516,0.724263,0.62468,0.519382,0.416261,0.808308,0.86797,0.89905,0.89808,0.865018,0.803263,0.71907,0.620487,0.516083,0.413726,0.769821,0.82733,0.857652,0.857385,0.826403,0.767891,0.687785,0.593768,0.494046,0.396174,0.706489,0.75981,0.788229,0.78854,0.76055,0.707127,0.6337,0.54733,0.455583,0.36544,0.624762,0.672297,0.697876,0.698589,0.6742,0.627198,0.562359,0.485932,0.404632,0.324672,0.532381,0.573111,0.595206,0.596129,0.575626,0.535772,0.480615,0.415477,0.346094,0.277789,0.437172,0.470696,0.488999,0.489959,0.473319,0.440748,0.395546,0.342075,0.285052,0.228864
0.594536,0.655572,0.698236,0.718097,0.712898,0.682981,0.631259,0.562745,0.483748,0.4009,0.666418,0.73679,0.786699,0.810961,0.806837,0.774534,0.717212,0.64047,0.551437,0.457665,0.719322,0.797316,0.853362,0.881642,0.878976,0.845404,0.784226,0.701461,0.604861,0.502703,0.74761,0.830708,0.89114,0.922636,0.921664,0.888084,0.825209,0.739269,0.638378,0.531261,0.74812,0.833234,0.895812,0.929362,0.930135,0.897809,0.835589,0.749678,0.648251,0.540156,0.720742,0.804556,0.866796,0.901011,0.903383,0.873436,0.81415,0.731474,0.633332,0.528357,0.668455,0.747804,0.807272,0.840696,0.844357,0.817659,0.763271,0.686683,0.595287,0.497183,0.596787,0.669013,0.723601,0.754898,0.759426,0.736523,0.688487,0.620196,0.538282,0.45006,0.512855,0.576063,0.62421,0.65231,0.657247,0.638342,0.597499,0.538889,0.468239,0.391901,0.424201,0.477386,0.518192,0.542395,0.547313,0.532298,0.498869,0.450456,0.391817,0.328262
0.508112,0.594768,0.669432,0.724554,0.754205,0.755148,0.727435,0.674389,0.601959,0.517632,0.560821,0.656376,0.738656,0.79933,0.831859,0.832683,0.801875,0.743121,0.663005,0.569805,0.597986,0.699805,0.787438,0.852001,0.886526,0.887225,0.854188,0.791359,0.705773,0.606269,0.615749,0.720543,0.810705,0.877085,0.91251,0.913083,0.878906,0.814049,0.725771,0.623184,0.612087,0.716226,0.8058,0.871712,0.906829,0.907281,0.873174,0.808563,0.72067,0.618569,0.587192,0.687076,0.772974,0.836153,0.869771,0.870112,0.837283,0.775178,0.690735,0.592668,0.543464,0.635902,0.715384,0.773824,0.804887,0.805133,0.77466,0.717078,0.638814,0.547941,0.485132,0.567647,0.638589,0.690737,0.718431,0.718598,0.691327,0.639842,0.569885,0.488671,0.417571,0.488598,0.549659,0.594534,0.618348,0.618455,0.594929,0.550547,0.490257,0.420273,0.346475,0.405414,0.45608,0.49331,0.513056,0.513119,0.49356,0.456683,0.406598,0.348465
0.442644,0.519056,0.58515,0.634186,0.660796,0.661946,0.63751,0.590291,0.525489,0.449765,0.518075,0.60759,0.685051,0.742566,0.773838,0.775305,0.746805,0.691606,0.615791,0.527153,0.583078,0.683913,0.771209,0.836075,0.871413,0.8732,0.841237,0.77919,0.693897,0.594127,0.631017,0.740237,0.834835,0.905179,0.943577,0.945657,0.91119,0.844128,0.751861,0.643879,0.656633,0.770386,0.868953,0.942305,0.982423,0.984742,0.949005,0.879312,0.783343,0.670969,0.656995,0.770909,0.869661,0.943206,0.983509,0.985986,0.950362,0.880724,0.784748,0.672305,0.632046,0.741731,0.836859,0.907761,0.946693,0.949229,0.915089,0.848189,0.755902,0.647724,0.584623,0.686168,0.774277,0.84,0.876162,0.878654,0.8472,0.785408,0.70009,0.600024,0.51992,0.610308,0.688774,0.747351,0.779648,0.781998,0.754139,0.699268,0.623434,0.53444,0.444555,0.521912,0.589099,0.639298,0.667035,0.669161,0.645442,0.598598,0.533793,0.457697
0.399117,0.479857,0.556309,0.622026,0.67095,0.698337,0.701518,0.680328,0.637102,0.576253,0.451807,0.542171,0.627248,0.699769,0.75298,0.781678,0.78306,0.757172,0.706861,0.637265,0.494058,0.591786,0.683288,0.760652,0.816599,0.845619,0.844871,0.814638,0.758242,0.681443,0.521446,0.623506,0.718559,0.798295,0.85514,0.883456,0.880463,0.84669,0.785842,0.704135,0.53083,0.633691,0.72901,0.808366,0.864157,0.890809,0.885701,0.849587,0.786423,0.702659,0.520936,0.620931,0.713156,0.789384,0.842254,0.866449,0.859585,0.822593,0.759523,0.676814,0.492616,0.58634,0.672396,0.743039,0.791397,0.812575,0.804483,0.768169,0.707605,0.628969,0.44872,0.533385,0.610798,0.673934,0.716609,0.734479,0.725775,0.691593,0.635668,0.563702,0.393605,0.467294,0.534405,0.588805,0.625128,0.639658,0.630955,0.600091,0.550436,0.487051,0.332401,0.394177,0.450231,0.495404,0.525215,0.536597,0.528422,0.501681,0.459292,0.405573
0.517167,0.62517,0.726602,0.811961,0.872422,0.901332,0.895427,0.855438,0.78595,0.694545,0.542786,0.656163,0.762654,0.852287,0.915791,0.94618,0.940013,0.898046,0.825082,0.729068,0.548141,0.662694,0.770317,0.860938,0.925187,0.955995,0.949872,0.907562,0.833899,0.736901,0.532712,0.644132,0.748859,0.837098,0.899734,0.929875,0.924107,0.883129,0.811617,0.717349,0.498333,0.602694,0.70085,0.783632,0.842498,0.870978,0.865846,0.827722,0.760955,0.672801,0.448845,0.543012,0.63166,0.706526,0.759895,0.78591,0.781626,0.747563,0.687602,0.60826,0.38939,0.471285,0.548477,0.613788,0.660504,0.683506,0.680194,0.650973,0.59917,0.530415,0.32553,0.394223,0.459077,0.514085,0.553608,0.573324,0.571011,0.546955,0.503894,0.446506,0.262412,0.31803,0.370654,0.415433,0.447792,0.464206,0.462829,0.443836,0.409388,0.363229,0.204128,0.247641,0.288929,0.324206,0.349888,0.363187,0.362612,0.348245,0.321718,0.285916
0.277139,0.364474,0.461611,0.563031,0.661364,0.748182,0.815149,0.855336,0.864397,0.84134,0.297824,0.391856,0.496508,0.605852,0.711955,0.805731,0.878182,0.921814,0.931906,0.907356,0.30779,0.40515,0.513576,0.626941,0.737036,0.834442,0.909819,0.95537,0.966169,0.941036,0.305898,0.402838,0.510865,0.623892,0.733747,0.831042,0.906453,0.952182,0.963284,0.938546,0.292362,0.385182,0.488683,0.59705,0.702461,0.795916,0.868466,0.912612,0.92358,0.900171,0.26871,0.354176,0.449537,0.549449,0.646715,0.733038,0.800159,0.841141,0.851553,0.830259,0.237499,0.313175,0.397664,0.486248,0.572554,0.649231,0.708946,0.745532,0.755034,0.736413,0.201861,0.266296,0.338281,0.413807,0.48745,0.552947,0.604037,0.635446,0.64378,0.628129,0.164987,0.217746,0.276724,0.338646,0.399075,0.452875,0.494909,0.520841,0.527869,0.515224,0.129674,0.171215,0.217682,0.266503,0.314185,0.356683,0.389942,0.410532,0.416229,0.406412
0.210646,0.279079,0.357919,0.444363,0.534069,0.621397,0.699936,0.763249,0.805745,0.823486,0.228053,0.300739,0.383897,0.474386,0.567482,0.657184,0.736791,0.799709,0.840344,0.854931,0.238071,0.312497,0.397051,0.488347,0.581448,0.670202,0.747871,0.807948,0.845065,0.855778,0.239638,0.313108,0.395983,0.484763,0.574479,0.659066,0.731996,0.787097,0.819418,0.825961,0.232581,0.3025,0.380803,0.464013,0.54732,0.624966,0.690866,0.739388,0.766146,0.768665,0.217646,0.281794,0.353111,0.428279,0.502819,0.571465,0.628759,0.669759,0.690741,0.689768,0.196369,0.253106,0.31572,0.381167,0.44543,0.503879,0.551799,0.585019,0.60051,0.596848,0.170813,0.219192,0.272184,0.327105,0.380489,0.428414,0.466962,0.492751,0.503419,0.497995,0.143245,0.183013,0.226246,0.270667,0.313396,0.351235,0.381054,0.400213,0.406954,0.400673,0.115804,0.147319,0.181319,0.215947,0.248899,0.277667,0.29984,0.313443,0.317226,0.310858
0.89436,0.893059,0.858745,0.795265,0.709368,0.609527,0.504573,0.402454,0.309327,0.229127,0.943268,0.942964,0.90782,0.841777,0.751856,0.646938,0.536327,0.428436,0.329821,0.244712,0.957227,0.958055,0.923506,0.857454,0.766923,0.660863,0.548706,0.43902,0.338526,0.251601,0.934701,0.936674,0.904081,0.840576,0.752916,0.649776,0.540353,0.433047,0.334491,0.24904,0.878277,0.881277,0.851777,0.793085,0.711447,0.614955,0.512234,0.411211,0.318184,0.237329,0.794173,0.797969,0.77236,0.720218,0.647093,0.560242,0.467452,0.375921,0.291406,0.217763,0.69111,0.6954,0.674085,0.629557,0.566557,0.491345,0.410685,0.33087,0.256964,0.192395,0.578833,0.583288,0.566286,0.529736,0.477528,0.41486,0.347386,0.280396,0.218184,0.163683,0.466616,0.470933,0.457943,0.429105,0.387491,0.337248,0.282925,0.228807,0.178393,0.134103,0.36207,0.366006,0.356506,0.334638,0.302731,0.263971,0.221878,0.179793,0.140464,0.10581
0.761067,0.725038,0.666344,0.590867,0.505584,0.41751,0.332788,0.256065,0.190223,0.136442,0.847206,0.80776,0.743009,0.659445,0.564797,0.466867,0.372509,0.28693,0.213381,0.153222,0.906776,0.865262,0.796591,0.707644,0.606655,0.501964,0.400924,0.309143,0.23015,0.165446,0.933162,0.891168,0.821152,0.73013,0.626531,0.518927,0.414899,0.320259,0.238685,0.171772,0.923343,0.88251,0.813881,0.724329,0.622152,0.515816,0.412839,0.319009,0.238013,0.171479,0.878457,0.840292,0.775621,0.690914,0.594024,0.492991,0.394982,0.305537,0.228212,0.164602,0.803586,0.769296,0.710706,0.633673,0.545339,0.453044,0.363356,0.281376,0.210397,0.151923,0.70681,0.677193,0.62616,0.558807,0.481377,0.400313,0.321402,0.249156,0.18651,0.134826,0.597771,0.573178,0.530442,0.473823,0.408566,0.340109,0.273353,0.212137,0.158976,0.115051,0.486108,0.466475,0.432066,0.386304,0.333425,0.277841,0.223543,0.173671,0.130293,0.0944
0.589057,0.636815,0.663021,0.664783,0.64188,0.596805,0.53432,0.460625,0.382347,0.305578,0.679926,0.735441,0.766052,0.768379,0.742137,0.690193,0.618048,0.532877,0.442359,0.353555,0.756123,0.818242,0.852638,0.855512,0.826518,0.768831,0.688576,0.593751,0.492925,0.393979,0.810018,0.876919,0.914092,0.91743,0.886537,0.824805,0.7388,0.637112,0.528945,0.42277,0.835843,0.905177,0.943809,0.947468,0.915725,0.852073,0.763294,0.658269,0.546519,0.436809,0.830715,0.89985,0.938448,0.94224,0.910784,0.847548,0.759278,0.654816,0.543645,0.434495,0.795172,0.861489,0.898555,0.90227,0.872202,0.81167,0.727139,0.627085,0.520598,0.416046,0.733088,0.794273,0.828476,0.831911,0.80418,0.748345,0.670376,0.578092,0.479883,0.383468,0.65098,0.705265,0.735578,0.738565,0.713877,0.664242,0.594966,0.512999,0.42579,0.340194,0.55687,0.603176,0.62897,0.631395,0.610167,0.567631,0.508331,0.438213,0.363646,0.290485
0.46262,0.540381,0.607,0.6557,0.681194,0.680626,0.654111,0.604694,0.537784,0.460174,0.537144,0.627327,0.704539,0.760921,0.790341,0.789502,0.758548,0.701035,0.623253,0.533101,0.599992,0.700612,0.786712,0.849518,0.882193,0.881067,0.84632,0.781938,0.694962,0.594221,0.644676,0.75267,0.84503,0.912335,0.947251,0.945851,0.908345,0.839031,0.745486,0.637207,0.666261,0.777747,0.873043,0.942422,0.978316,0.976682,0.937753,0.865987,0.769227,0.657292,0.662255,0.772946,0.867514,0.936298,0.971791,0.969987,0.931135,0.85968,0.763428,0.652143,0.633087,0.73878,0.829031,0.894616,0.928368,0.926477,0.889193,0.820778,0.728703,0.622305,0.582028,0.679078,0.761906,0.822041,0.852909,0.851018,0.816613,0.753624,0.668925,0.571104,0.514583,0.600275,0.673371,0.726392,0.753535,0.751729,0.721202,0.665435,0.590514,0.504031,0.437512,0.510268,0.572297,0.617246,0.640196,0.638545,0.612497,0.565021,0.501295,0.427774
0.444637,0.520216,0.58513,0.632714,0.657725,0.657291,0.631458,0.583179,0.517757,0.44189,0.521594,0.610147,0.686177,0.741875,0.771105,0.770511,0.740155,0.683505,0.606781,0.517834,0.588341,0.688084,0.773681,0.836345,0.869168,0.868386,0.834077,0.770159,0.683645,0.583382,0.638145,0.746147,0.838784,0.906543,0.941958,0.940964,0.903664,0.83431,0.740509,0.631845,0.66563,0.778056,0.874427,0.944846,0.981555,0.980339,0.941324,0.868953,0.771157,0.65792,0.667738,0.780249,0.87662,0.946954,0.983503,0.98207,0.942802,0.870167,0.772116,0.658648,0.644291,0.752539,0.845176,0.912688,0.947637,0.94601,0.907973,0.837849,0.743303,0.633966,0.598015,0.698145,0.783741,0.846015,0.878104,0.876324,0.840857,0.775726,0.688039,0.586717,0.534024,0.623073,0.699098,0.754294,0.782579,0.780703,0.748859,0.69065,0.61242,0.522112,0.458884,0.535028,0.599935,0.64694,0.670866,0.668961,0.641421,0.591356,0.524209,0.446785
0.444195,0.521496,0.588738,0.639167,0.667356,0.670177,0.647373,0.6016,0.537913,0.462857,0.518622,0.608618,0.686759,0.745162,0.777512,0.780197,0.752969,0.698986,0.624208,0.536318,0.58237,0.683193,0.770602,0.835749,0.871566,0.874029,0.842911,0.781809,0.697468,0.59855,0.628895,0.737565,0.831659,0.901629,0.939859,0.942039,0.907963,0.841564,0.750167,0.64316,0.653064,0.765732,0.86319,0.935525,0.974847,0.976705,0.940924,0.871628,0.776458,0.665189,0.652087,0.76444,0.861545,0.933507,0.972462,0.973989,0.937943,0.868473,0.773238,0.662021,0.626043,0.733793,0.826856,0.895737,0.932894,0.934103,0.899249,0.832339,0.740749,0.633888,0.577876,0.677248,0.763026,0.826449,0.860564,0.861487,0.829128,0.767206,0.682547,0.583846,0.51284,0.600963,0.676996,0.733166,0.763308,0.763987,0.735135,0.680067,0.604853,0.517218,0.437555,0.512696,0.577504,0.625346,0.65097,0.651451,0.62674,0.579677,0.515447,0.440648
0.444008,0.518023,0.581656,0.628415,0.653168,0.653078,0.628146,0.581213,0.517428,0.443312,0.518531,0.605575,0.68049,0.735632,0.76496,0.765125,0.736114,0.681252,0.606577,0.519739,0.582648,0.681002,0.765722,0.828168,0.861504,0.861937,0.829437,0.767747,0.68367,0.585838,0.629811,0.736599,0.828649,0.896575,0.932945,0.933633,0.898592,0.831871,0.740843,0.634867,0.654826,0.766253,0.862356,0.933339,0.971441,0.972345,0.935992,0.866593,0.771828,0.661451,0.654797,0.766541,0.862964,0.934239,0.972577,0.973641,0.937359,0.867942,0.773083,0.662553,0.629675,0.737383,0.830364,0.89914,0.936199,0.937353,0.902522,0.835757,0.74446,0.638044,0.582273,0.682064,0.768242,0.832025,0.866446,0.867618,0.83546,0.773715,0.689233,0.590731,0.517743,0.606618,0.683394,0.740247,0.770971,0.772096,0.743544,0.688641,0.61348,0.52582,0.442654,0.518743,0.584492,0.633203,0.65956,0.660587,0.636211,0.589272,0.524984,0.449982
0.229209,0.297593,0.372248,0.448575,0.520721,0.582256,0.627096,0.650483,0.649818,0.625131,0.266512,0.345964,0.432677,0.521302,0.605037,0.676414,0.728371,0.755393,0.754473,0.725665,0.298519,0.387471,0.484533,0.583716,0.677398,0.757222,0.815286,0.845426,0.844285,0.811935,0.322006,0.417935,0.522601,0.62954,0.730533,0.816567,0.879123,0.911556,0.910255,0.875302,0.334408,0.434029,0.542723,0.653775,0.758647,0.847979,0.912923,0.946578,0.945196,0.908865,0.334279,0.433878,0.542554,0.653592,0.758457,0.847787,0.912734,0.946395,0.945019,0.908695,0.32157,0.417414,0.522002,0.628876,0.729822,0.815827,0.878371,0.910808,0.909521,0.87459,0.297648,0.386402,0.483269,0.582269,0.675795,0.755498,0.813484,0.843587,0.842453,0.810147,0.265052,0.344131,0.430454,0.518697,0.602081,0.673165,0.724907,0.751807,0.750864,0.722132,0.227043,0.294825,0.368833,0.444506,0.516034,0.577034,0.621464,0.644601,0.643864,0.61929
0.309021,0.375541,0.442521,0.505805,0.561046,0.604209,0.632053,0.642518,0.634964,0.610219,0.353324,0.428685,0.504176,0.575005,0.636218,0.683276,0.712617,0.72208,0.711151,0.680989,0.389149,0.471449,0.553485,0.629937,0.695357,0.744826,0.774564,0.782394,0.767979,0.732818,0.412809,0.499436,0.585384,0.664962,0.732396,0.782545,0.811543,0.817278,0.799621,0.760385,0.421711,0.509586,0.596389,0.67626,0.743306,0.792342,0.819551,0.822965,0.802671,0.760736,0.414822,0.500719,0.585221,0.662519,0.726816,0.77307,0.797647,0.79878,0.776757,0.733805,0.392866,0.473765,0.553051,0.625179,0.684656,0.726754,0.748133,0.747268,0.724603,0.682426,0.358197,0.431603,0.503297,0.568186,0.621256,0.658233,0.676153,0.673748,0.651568,0.611845,0.314383,0.378547,0.441021,0.4973,0.542979,0.574329,0.588812,0.585411,0.564726,0.528833,0.265598,0.319623,0.372079,0.419136,0.457061,0.482721,0.494018,0.490162,0.471748,0.440625
0.322647,0.421503,0.52936,0.639122,0.741842,0.827842,0.888201,0.91628,0.908934,0.867102,0.338653,0.442422,0.55564,0.670861,0.778688,0.868962,0.932313,0.961767,0.954021,0.910055,0.341841,0.446608,0.560923,0.677272,0.786166,0.877344,0.941341,0.971107,0.963297,0.918897,0.331849,0.433587,0.544613,0.657633,0.763433,0.852045,0.914268,0.943248,0.935722,0.892635,0.309834,0.404867,0.508598,0.614217,0.71312,0.795991,0.854229,0.881415,0.874484,0.834305,0.278248,0.363647,0.456887,0.551857,0.640826,0.715421,0.767901,0.792481,0.78639,0.750386,0.240387,0.314226,0.394875,0.477056,0.55409,0.618731,0.664277,0.685708,0.680606,0.649605,0.199825,0.26127,0.328413,0.39687,0.461089,0.515035,0.553121,0.57115,0.567088,0.541439,0.159868,0.209092,0.262914,0.31783,0.369394,0.412772,0.443474,0.458121,0.455059,0.434669,0.123139,0.161118,0.202676,0.245118,0.285019,0.318645,0.342521,0.354023,0.351852,0.336279
0.820356,0.814758,0.779622,0.718829,0.638731,0.547067,0.45174,0.359729,0.276337,0.204856,0.884816,0.879939,0.843214,0.778695,0.693121,0.594765,0.492124,0.392749,0.30242,0.22477,0.919818,0.915988,0.879066,0.813124,0.725047,0.623355,0.516851,0.41341,0.319104,0.237793,0.921747,0.919179,0.88347,0.818556,0.73121,0.629884,0.523372,0.419585,0.324671,0.242588,0.890518,0.88929,0.856066,0.794505,0.71103,0.613721,0.51104,0.41065,0.318554,0.238661,0.829578,0.829618,0.799876,0.743629,0.666738,0.57665,0.481217,0.387594,0.301429,0.226447,0.745273,0.746384,0.720767,0.671241,0.602965,0.522553,0.437029,0.352835,0.275095,0.207229,0.645768,0.647668,0.626435,0.584404,0.52595,0.456739,0.382826,0.309806,0.242162,0.182919,0.539757,0.54213,0.525191,0.490804,0.442545,0.385091,0.323482,0.262399,0.205626,0.155743,0.435246,0.437791,0.424784,0.397656,0.359228,0.313224,0.263685,0.214395,0.16843,0.127914
0.600055,0.635729,0.649836,0.640932,0.610005,0.560306,0.496791,0.425324,0.351794,0.281353,0.694213,0.735942,0.752708,0.742788,0.707285,0.64993,0.57645,0.493636,0.408324,0.326502,0.772613,0.819604,0.838809,0.828253,0.789107,0.72549,0.643762,0.551485,0.45629,0.364874,0.827166,0.878101,0.899296,0.888566,0.847107,0.779285,0.691887,0.593013,0.490856,0.39262,0.851885,0.905024,0.92755,0.917142,0.874963,0.805461,0.715601,0.613724,0.50829,0.406754,0.843968,0.897321,0.920372,0.910745,0.869523,0.80106,0.712227,0.611283,0.506628,0.405687,0.804322,0.855873,0.878578,0.870099,0.831399,0.766572,0.682133,0.585949,0.486042,0.389519,0.73739,0.785323,0.806847,0.79975,0.764848,0.70584,0.628667,0.540532,0.448803,0.360026,0.65033,0.693218,0.712855,0.707226,0.67699,0.625358,0.557539,0.479874,0.398871,0.320333,0.551756,0.588684,0.605923,0.601711,0.576551,0.533122,0.475815,0.409998,0.341201,0.274368
0.511583,0.557772,0.586923,0.595981,0.58392,0.551933,0.503239,0.442545,0.375299,0.306884,0.602275,0.655687,0.688977,0.698654,0.683615,0.64535,0.5877,0.51622,0.437292,0.357198,0.683419,0.742919,0.779517,0.789372,0.771353,0.727246,0.661467,0.580331,0.491049,0.400677,0.747306,0.811135,0.849849,0.859381,0.838625,0.78964,0.717319,0.628577,0.531262,0.433015,0.787341,0.853265,0.892654,0.901367,0.878377,0.825968,0.749359,0.655846,0.553657,0.450761,0.799155,0.864696,0.90323,0.910703,0.886215,0.8322,0.754021,0.659094,0.555727,0.451924,0.781385,0.844097,0.880334,0.886279,0.861193,0.80757,0.730719,0.637899,0.537188,0.436329,0.735922,0.793667,0.826415,0.83071,0.805995,0.754723,0.681956,0.594539,0.500035,0.405655,0.667581,0.718744,0.747175,0.74987,0.72645,0.679236,0.612877,0.533585,0.448181,0.363131,0.583254,0.626867,0.650573,0.651863,0.630516,0.588648,0.530366,0.461102,0.386778,0.312975
0.452134,0.525792,0.588562,0.634005,0.65709,0.65511,0.628204,0.579343,0.513782,0.438126,0.530278,0.616502,0.689952,0.743093,0.770039,0.76763,0.736035,0.678735,0.60189,0.513234,0.597868,0.694891,0.777505,0.837236,0.867468,0.864651,0.828981,0.764386,0.677801,0.577934,0.647997,0.75294,0.842259,0.906793,0.939392,0.936225,0.897512,0.82751,0.733727,0.625587,0.675162,0.784271,0.877096,0.944113,0.977899,0.974476,0.934084,0.861156,0.763508,0.650943,0.676256,0.785301,0.878027,0.944923,0.978576,0.97502,0.934504,0.861469,0.763731,0.651096,0.651152,0.755909,0.844946,0.909129,0.941346,0.937795,0.898725,0.82841,0.734369,0.626028,0.602731,0.699468,0.781646,0.840838,0.870479,0.86707,0.83085,0.765774,0.678792,0.578614,0.536335,0.622202,0.69511,0.747578,0.773789,0.770644,0.738362,0.680464,0.603124,0.514081,0.458796,0.532062,0.594235,0.638939,0.661215,0.658425,0.630765,0.581244,0.515139,0.439057
0.461044,0.539995,0.608128,0.658513,0.685653,0.686471,0.660883,0.611816,0.544651,0.46626,0.534163,0.625623,0.704548,0.762908,0.794335,0.795268,0.76561,0.708754,0.630935,0.540113,0.595372,0.6973,0.785253,0.850284,0.885298,0.886325,0.853261,0.789885,0.703151,0.601927,0.638379,0.747656,0.841946,0.91166,0.94919,0.950281,0.914824,0.84687,0.753875,0.645348,0.658475,0.771175,0.868417,0.940309,0.979008,0.980126,0.94355,0.873462,0.777547,0.665615,0.653379,0.765189,0.86166,0.932978,0.971365,0.972468,0.936175,0.866636,0.771476,0.660425,0.623668,0.730373,0.822435,0.890491,0.927118,0.928165,0.893525,0.827157,0.736339,0.630355,0.572665,0.670621,0.75513,0.8176,0.851216,0.85217,0.820365,0.759435,0.67606,0.578763,0.505832,0.592331,0.666952,0.722107,0.751784,0.752618,0.724526,0.670717,0.597089,0.511168,0.429804,0.503276,0.566654,0.613495,0.638692,0.639391,0.615521,0.569809,0.507265,0.434278
0.431825,0.507829,0.574346,0.624748,0.653649,0.657858,0.636961,0.593389,0.531951,0.458965,0.505564,0.59452,0.67236,0.731323,0.765107,0.769981,0.745464,0.694407,0.622448,0.536986,0.56898,0.669071,0.756639,0.822956,0.86093,0.866365,0.838726,0.781228,0.70022,0.604032,0.615566,0.72383,0.81854,0.890251,0.931295,0.937138,0.907205,0.844977,0.757327,0.653267,0.640195,0.752776,0.851256,0.925815,0.968481,0.974541,0.943402,0.878686,0.78754,0.679338,0.640053,0.752603,0.851057,0.925599,0.968261,0.974334,0.943225,0.878557,0.787471,0.679337,0.615166,0.723347,0.817988,0.889657,0.9307,0.936589,0.906755,0.844674,0.757207,0.653347,0.568397,0.668376,0.755859,0.822137,0.860136,0.865676,0.838223,0.780982,0.700281,0.604418,0.504904,0.593753,0.671526,0.73049,0.764365,0.769431,0.745208,0.694532,0.623005,0.537984,0.431204,0.507138,0.573645,0.624125,0.653215,0.657735,0.637262,0.594201,0.533317,0.460871
0.446768,0.524047,0.590981,0.640764,0.667958,0.669473,0.645144,0.59776,0.53254,0.456184,0.521699,0.61197,0.690171,0.74835,0.780153,0.781968,0.753595,0.698289,0.622141,0.532974,0.585785,0.687182,0.775036,0.840416,0.876182,0.878273,0.84646,0.784391,0.698903,0.59878,0.632455,0.741971,0.836877,0.907526,0.946207,0.948527,0.914232,0.847256,0.754974,0.646873,0.656578,0.770315,0.868899,0.942311,0.98254,0.985019,0.949476,0.879989,0.78421,0.671985,0.655395,0.768974,0.867441,0.940795,0.981031,0.983582,0.948171,0.878859,0.78328,0.671259,0.629035,0.738094,0.832665,0.903146,0.941848,0.944379,0.910464,0.843994,0.75229,0.644778,0.580494,0.681186,0.768525,0.833646,0.869447,0.871868,0.840646,0.779362,0.694767,0.595558,0.515074,0.604466,0.682027,0.739886,0.771738,0.773972,0.746344,0.692024,0.616997,0.528974,0.43943,0.515739,0.581969,0.631406,0.658662,0.660649,0.637152,0.590866,0.52689,0.451802
0.373664,0.446716,0.515069,0.57281,0.614501,0.636029,0.635285,0.612498,0.570172,0.512623,0.437043,0.522248,0.601889,0.669057,0.717407,0.742156,0.740866,0.713846,0.664056,0.596574,0.491648,0.587231,0.67648,0.751634,0.805573,0.832943,0.831041,0.800249,0.743937,0.667845,0.531931,0.635054,0.731248,0.812126,0.870006,0.899127,0.8966,0.86288,0.801649,0.719146,0.553493,0.660491,0.760203,0.843915,0.903656,0.933463,0.930367,0.894881,0.830872,0.744859,0.553874,0.660638,0.760039,0.843371,0.902681,0.932031,0.928486,0.892599,0.828271,0.742051,0.533017,0.635463,0.730757,0.810535,0.867167,0.894969,0.891149,0.856272,0.794122,0.711023,0.493278,0.587808,0.675662,0.749113,0.801123,0.826456,0.82256,0.789987,0.732263,0.655259,0.438991,0.522868,0.600754,0.665789,0.711726,0.733932,0.730159,0.700924,0.649386,0.58078,0.375686,0.447251,0.51365,0.569024,0.608046,0.626769,0.623292,0.598076,0.55384,0.495074
0.238583,0.30117,0.367122,0.431986,0.490526,0.537394,0.567924,0.578901,0.569112,0.539569,0.281271,0.355615,0.433956,0.510976,0.580438,0.635983,0.672083,0.684948,0.673177,0.638006,0.320155,0.405251,0.494914,0.58303,0.662442,0.725871,0.767004,0.781534,0.767894,0.727538,0.351587,0.445423,0.544277,0.641386,0.728843,0.798623,0.843781,0.859596,0.844378,0.799766,0.372296,0.471953,0.576918,0.679989,0.772758,0.846701,0.89446,0.911049,0.894709,0.847212,0.379941,0.481858,0.58918,0.694525,0.789284,0.864744,0.913395,0.930164,0.913282,0.864592,0.373552,0.473901,0.579547,0.683209,0.776404,0.850554,0.898281,0.914612,0.897833,0.849783,0.353723,0.448837,0.548949,0.647146,0.735383,0.805533,0.850615,0.865935,0.849892,0.804249,0.32252,0.409295,0.500609,0.590146,0.670563,0.734448,0.775444,0.789284,0.774526,0.732796,0.283111,0.359308,0.439471,0.518049,0.588589,0.64459,0.680475,0.692512,0.679449,0.642731
0.165465,0.224515,0.293274,0.368772,0.446342,0.519969,0.582999,0.629102,0.653322,0.652949,0.192798,0.26155,0.341581,0.429419,0.519623,0.605184,0.678357,0.731784,0.759713,0.759015,0.216148,0.293173,0.382808,0.481154,0.582106,0.677811,0.759591,0.819218,0.850264,0.84925,0.233178,0.316216,0.412821,0.518783,0.627513,0.730544,0.818525,0.882597,0.91585,0.914554,0.242086,0.328235,0.428433,0.538304,0.651009,0.75776,0.848865,0.915144,0.949448,0.947928,0.241926,0.32795,0.427975,0.537625,0.650064,0.756521,0.847325,0.913324,0.947398,0.945724,0.23278,0.315475,0.4116,0.51694,0.624921,0.727114,0.814232,0.877493,0.910073,0.908319,0.215736,0.292289,0.381241,0.478685,0.57853,0.672979,0.753445,0.811817,0.8418,0.840032,0.192675,0.260948,0.340244,0.427068,0.515988,0.600054,0.671623,0.723479,0.750031,0.748306,0.165936,0.224627,0.292756,0.36731,0.443616,0.515706,0.577022,0.621384,0.64401,0.64237
0.720153,0.696297,0.649762,0.585327,0.509119,0.427662,0.346997,0.272001,0.206015,0.150791,0.800296,0.774928,0.724273,0.65353,0.569428,0.479188,0.389533,0.305932,0.232172,0.170277,0.858092,0.832149,0.778998,0.704091,0.61456,0.51811,0.421965,0.332042,0.252481,0.18554,0.887921,0.862406,0.808635,0.732122,0.640159,0.540681,0.441176,0.347826,0.264999,0.195121,0.886916,0.862782,0.810321,0.734911,0.643744,0.544708,0.445297,0.351746,0.268504,0.198085,0.855413,0.833461,0.784088,0.712353,0.625101,0.529906,0.434008,0.34348,0.262694,0.194168,0.796854,0.777654,0.732816,0.666932,0.586294,0.497919,0.40857,0.323955,0.248228,0.18382,0.717161,0.701017,0.661714,0.603273,0.531281,0.452023,0.371595,0.295184,0.226601,0.168112,0.623758,0.610711,0.577445,0.527364,0.465259,0.396567,0.326601,0.259916,0.19989,0.148561,0.524445,0.514312,0.487118,0.445642,0.393856,0.336307,0.277471,0.221214,0.170428,0.126886
0.710461,0.711125,0.685347,0.636004,0.568358,0.489134,0.405423,0.323667,0.248904,0.184393,0.811532,0.812347,0.782977,0.726697,0.649508,0.559077,0.463497,0.370122,0.284708,0.210983,0.891504,0.892458,0.860272,0.798536,0.713826,0.614554,0.509601,0.407039,0.313193,0.232165,0.941858,0.942922,0.908999,0.843869,0.754466,0.649664,0.538833,0.430497,0.331339,0.245696,0.956946,0.958083,0.923697,0.857619,0.766879,0.660479,0.547928,0.437881,0.337125,0.250074,0.93504,0.936204,0.902686,0.838219,0.749657,0.645779,0.535866,0.428367,0.329913,0.24482,0.87866,0.879809,0.848396,0.787919,0.704804,0.607284,0.504067,0.403085,0.310567,0.230572,0.794103,0.795202,0.766906,0.712362,0.637363,0.549334,0.45613,0.364908,0.281297,0.208969,0.690286,0.691319,0.666832,0.619551,0.554494,0.478097,0.39717,0.317927,0.245255,0.182349,0.577212,0.578178,0.557841,0.518466,0.464231,0.400496,0.332939,0.266741,0.205985,0.153346
0.485292,0.545686,0.592109,0.61981,0.625745,0.609126,0.571586,0.516919,0.450439,0.378127,0.564421,0.635048,0.689458,0.72208,0.729326,0.710242,0.666705,0.603122,0.525688,0.441385,0.632991,0.712515,0.773873,0.810779,0.819173,0.797953,0.749207,0.677879,0.59093,0.496215,0.684228,0.77043,0.837007,0.877133,0.88639,0.863568,0.810916,0.733777,0.639693,0.537174,0.712663,0.802613,0.872122,0.91406,0.923807,0.900088,0.845245,0.76485,0.666771,0.559887,0.715097,0.805448,0.87528,0.917424,0.927234,0.903429,0.84836,0.767629,0.669142,0.561822,0.691189,0.778551,0.846063,0.886789,0.896237,0.873173,0.819877,0.741776,0.646523,0.54275,0.643524,0.724839,0.78765,0.8255,0.834212,0.812645,0.762936,0.690149,0.601419,0.504788,0.577132,0.649995,0.706237,0.740071,0.747762,0.728301,0.683618,0.618268,0.538658,0.452004,0.498608,0.561465,0.609935,0.639027,0.645526,0.628578,0.589867,0.533339,0.464538,0.389697
0.455332,0.528222,0.589999,0.634318,0.656276,0.653302,0.625655,0.576382,0.510763,0.435368,0.53207,0.617499,0.689949,0.741984,0.767852,0.764535,0.732326,0.674787,0.598095,0.509938,0.597775,0.694019,0.775691,0.834411,0.863698,0.860145,0.824073,0.759484,0.673324,0.574241,0.645703,0.74993,0.838425,0.902117,0.933985,0.930332,0.8915,0.821809,0.728767,0.621726,0.670581,0.779079,0.871252,0.937657,0.970986,0.967387,0.927205,0.854929,0.758358,0.64721,0.669563,0.778132,0.870415,0.936966,0.970472,0.967076,0.927118,0.855075,0.758738,0.647813,0.642765,0.747198,0.836012,0.900127,0.932509,0.929447,0.891261,0.822249,0.729888,0.623495,0.593241,0.689807,0.771975,0.831354,0.861443,0.858811,0.823749,0.760222,0.675126,0.577058,0.526415,0.612252,0.68533,0.738198,0.765082,0.762933,0.732007,0.675817,0.60048,0.513616,0.4491,0.522449,0.584932,0.630187,0.653287,0.651629,0.625429,0.577681,0.513597,0.439669
0.42816,0.500689,0.563055,0.608864,0.633068,0.632885,0.608322,0.562172,0.499494,0.426695,0.503277,0.588404,0.661601,0.715364,0.74377,0.743553,0.714718,0.660539,0.586951,0.501471,0.568996,0.665078,0.747693,0.808375,0.840441,0.840202,0.807656,0.746496,0.663414,0.566889,0.618814,0.723111,0.812793,0.878671,0.913494,0.91325,0.877934,0.811544,0.721335,0.616507,0.64747,0.756367,0.850009,0.918811,0.955198,0.954979,0.918135,0.84883,0.754627,0.645124,0.651868,0.761246,0.855316,0.924454,0.961053,0.960891,0.923939,0.85436,0.759735,0.649695,0.631637,0.737345,0.82828,0.895149,0.930595,0.930529,0.8949,0.827714,0.736276,0.629882,0.589185,0.687509,0.772123,0.834391,0.867466,0.867528,0.834508,0.772104,0.687089,0.588091,0.52923,0.617279,0.693093,0.748945,0.778698,0.778914,0.749502,0.693744,0.617674,0.529003,0.45794,0.533882,0.599324,0.647608,0.673434,0.673815,0.648642,0.600708,0.535188,0.458709
0.448533,0.524345,0.589749,0.638107,0.664134,0.664856,0.640166,0.592848,0.528055,0.452382,0.523428,0.611713,0.687766,0.743844,0.773805,0.774212,0.744987,0.689424,0.613576,0.525165,0.587666,0.68664,0.771808,0.834481,0.86778,0.867875,0.834716,0.772041,0.686681,0.587327,0.63463,0.741408,0.833218,0.900678,0.936371,0.936185,0.900096,0.832173,0.739821,0.632445,0.659107,0.769936,0.865171,0.935071,0.971942,0.97153,0.933832,0.863101,0.767048,0.65546,0.658243,0.768887,0.863923,0.933622,0.970303,0.969733,0.931924,0.861143,0.765109,0.653606,0.632081,0.73831,0.829527,0.896387,0.931517,0.93086,0.89444,0.826367,0.734069,0.626949,0.583561,0.681634,0.765831,0.827519,0.859896,0.859218,0.825517,0.762596,0.677323,0.578387,0.517972,0.605029,0.67976,0.734498,0.763204,0.762559,0.732596,0.676697,0.600965,0.513119,0.441994,0.516294,0.580068,0.626773,0.651253,0.650679,0.62508,0.577349,0.512695,0.437712
0.323744,0.396745,0.468566,0.533367,0.585231,0.619056,0.631388,0.621009,0.589143,0.539221,0.379036,0.464434,0.548414,0.624133,0.684665,0.724043,0.738234,0.725833,0.688296,0.629663,0.426681,0.522742,0.61717,0.70226,0.770219,0.814335,0.830088,0.815913,0.773472,0.707335,0.461831,0.565733,0.667833,0.759793,0.833179,0.880742,0.897603,0.882089,0.836021,0.764366,0.480657,0.588723,0.694883,0.79046,0.866686,0.916027,0.933424,0.91716,0.869148,0.794574,0.481041,0.589125,0.695273,0.790807,0.86696,0.916211,0.933516,0.917176,0.869127,0.79457,0.462968,0.566925,0.668996,0.760834,0.834015,0.881318,0.897909,0.882176,0.835998,0.764391,0.428526,0.524686,0.619082,0.703995,0.771642,0.815358,0.830693,0.816174,0.773556,0.707488,0.381507,0.467059,0.551024,0.626541,0.686695,0.725575,0.739239,0.726399,0.68863,0.630073,0.326722,0.399937,0.47178,0.536386,0.587851,0.62113,0.632873,0.621994,0.589855,0.540002
0.343795,0.411893,0.475218,0.528052,0.565177,0.582732,0.578871,0.554085,0.511099,0.454382,0.407552,0.488749,0.564469,0.627907,0.672828,0.694571,0.690855,0.662167,0.611661,0.544589,0.464658,0.557788,0.644886,0.718167,0.770459,0.796355,0.79314,0.761257,0.704214,0.627944,0.509516,0.612266,0.708646,0.790087,0.848652,0.878307,0.875947,0.841931,0.78,0.6966,0.537358,0.646411,0.74901,0.836086,0.899192,0.931847,0.930636,0.895799,0.831168,0.743473,0.54508,0.656421,0.761493,0.851066,0.916488,0.951064,0.951183,0.916943,0.85211,0.763438,0.531808,0.641164,0.744686,0.833335,0.898588,0.933791,0.935274,0.902984,0.840471,0.754252,0.499064,0.60239,0.700516,0.784926,0.847546,0.88201,0.884734,0.855521,0.797586,0.71697,0.450476,0.544398,0.633881,0.711211,0.769027,0.801474,0.805181,0.779836,0.72823,0.655745,0.39112,0.473253,0.551762,0.619924,0.671283,0.700657,0.705,0.68392,0.639738,0.577065
0.25108,0.318535,0.389288,0.458314,0.519815,0.568004,0.598,0.606652,0.593087,0.558863,0.296178,0.375764,0.459238,0.540669,0.613211,0.670031,0.705364,0.715488,0.699376,0.658873,0.336147,0.426497,0.521266,0.613716,0.696071,0.760566,0.800651,0.812095,0.793733,0.747663,0.367068,0.465767,0.569302,0.670311,0.760297,0.83077,0.874569,0.887064,0.866979,0.816607,0.385667,0.489416,0.598265,0.704474,0.799108,0.873238,0.919326,0.932501,0.911411,0.858465,0.389883,0.494827,0.604949,0.712425,0.808214,0.883278,0.929985,0.943395,0.922134,0.868632,0.379245,0.481394,0.58861,0.693278,0.786599,0.859771,0.905354,0.918531,0.897951,0.845974,0.354958,0.45064,0.551097,0.6492,0.736708,0.805372,0.848215,0.860711,0.841584,0.793032,0.319681,0.405929,0.496511,0.585007,0.66399,0.726019,0.764797,0.776234,0.759164,0.715559,0.277042,0.35186,0.430467,0.5073,0.575918,0.629863,0.663666,0.673766,0.659139,0.621485
0.106945,0.145217,0.190292,0.240677,0.293849,0.346379,0.394249,0.433344,0.460023,0.471676,0.133212,0.180645,0.236383,0.298526,0.363905,0.428251,0.486598,0.533895,0.565716,0.578945,0.15982,0.216442,0.282826,0.356645,0.434068,0.509976,0.578457,0.633541,0.670055,0.684412,0.184677,0.249774,0.325924,0.410379,0.498682,0.584921,0.662317,0.724081,0.764384,0.779261,0.205526,0.27761,0.361739,0.454799,0.551794,0.646149,0.730382,0.797055,0.839848,0.854543,0.220285,0.297158,0.386674,0.485433,0.588041,0.687463,0.775743,0.845035,0.888741,0.902546,0.227379,0.306333,0.398065,0.499003,0.603544,0.704434,0.793532,0.862865,0.905802,0.918098,0.226022,0.304118,0.39465,0.494006,0.596584,0.695184,0.781779,0.848572,0.889147,0.899484,0.216358,0.29075,0.376798,0.470986,0.567922,0.660725,0.741776,0.80373,0.84061,0.848758,0.199437,0.267682,0.346445,0.432436,0.520659,0.604782,0.67784,0.733171,0.765414,0.771366
0.361787,0.373653,0.371994,0.357022,0.330352,0.294725,0.253536,0.210315,0.16824,0.129786,0.46052,0.474538,0.471308,0.45122,0.416447,0.370556,0.317909,0.262988,0.209785,0.161377,0.565749,0.581656,0.576336,0.550421,0.506714,0.449695,0.384766,0.317416,0.252491,0.193674,0.670605,0.687936,0.680068,0.647923,0.594981,0.526663,0.449418,0.369736,0.293284,0.224322,0.766774,0.784897,0.77417,0.735839,0.674057,0.595141,0.506517,0.415583,0.328736,0.250724,0.845514,0.863695,0.850027,0.806089,0.736644,0.648784,0.55075,0.450674,0.355518,0.270389,0.898936,0.916421,0.900012,0.851599,0.77643,0.682174,0.577642,0.47145,0.37091,0.281317,0.92129,0.9374,0.918746,0.86747,0.789131,0.691713,0.584293,0.475673,0.373253,0.28233,0.909988,0.924194,0.904042,0.851839,0.773246,0.676263,0.569899,0.462819,0.362243,0.273282,0.866091,0.878069,0.857329,0.806243,0.73035,0.637366,0.535904,0.434183,0.338995,0.25509
0.356783,0.394574,0.421142,0.433684,0.43077,0.412611,0.381035,0.339182,0.290983,0.240545,0.4406,0.486026,0.517436,0.531507,0.526629,0.503208,0.463604,0.411739,0.352452,0.290744,0.525942,0.578559,0.614253,0.629241,0.621802,0.592597,0.544572,0.482461,0.412012,0.339105,0.606801,0.665525,0.704507,0.719607,0.709077,0.673895,0.617608,0.545737,0.464876,0.381691,0.676609,0.739761,0.780664,0.794961,0.780983,0.740064,0.676322,0.595975,0.506326,0.414669,0.7291,0.794541,0.835761,0.848358,0.83084,0.78491,0.715182,0.628413,0.532413,0.434883,0.759229,0.824574,0.864455,0.8746,0.853781,0.804046,0.730381,0.639874,0.540584,0.440359,0.763976,0.826852,0.863878,0.871077,0.84754,0.795604,0.720457,0.629279,0.530096,0.430625,0.742838,0.801142,0.83411,0.838191,0.81282,0.760529,0.686524,0.597818,0.50213,0.406781,0.69792,0.750025,0.77816,0.779286,0.753164,0.702413,0.632066,0.548732,0.459574,0.371294
0.490915,0.517312,0.52519,0.513702,0.484113,0.439574,0.384572,0.324184,0.263317,0.206086,0.599757,0.631437,0.640475,0.625897,0.58931,0.534607,0.467288,0.393552,0.319371,0.249729,0.704633,0.741181,0.751108,0.733345,0.689848,0.625241,0.546011,0.459433,0.372493,0.291002,0.796109,0.836639,0.847072,0.826284,0.776564,0.703192,0.613521,0.515765,0.417783,0.326085,0.86498,0.908185,0.918667,0.8953,0.840654,0.760527,0.662934,0.556793,0.450602,0.351378,0.903789,0.948059,0.958117,0.932886,0.875137,0.790992,0.688853,0.578028,0.467355,0.364106,0.908153,0.951753,0.960958,0.934785,0.876105,0.791132,0.688336,0.577058,0.466138,0.362822,0.877577,0.918849,0.926871,0.900784,0.843451,0.760934,0.661444,0.553997,0.447093,0.347675,0.815548,0.853099,0.859737,0.834754,0.78089,0.703833,0.611235,0.511464,0.412381,0.320383,0.728881,0.761716,0.766915,0.743925,0.695263,0.626064,0.543184,0.454093,0.36578,0.283911
0.434136,0.506399,0.568357,0.61364,0.637233,0.636388,0.611147,0.56434,0.501054,0.427723,0.509966,0.594479,0.666874,0.719701,0.747101,0.745874,0.716086,0.661068,0.586793,0.500798,0.576356,0.67143,0.7528,0.812086,0.842704,0.841066,0.807266,0.745072,0.661221,0.564214,0.626694,0.729556,0.817518,0.881514,0.914426,0.912385,0.875509,0.807895,0.716853,0.611598,0.655578,0.762599,0.854043,0.920478,0.954505,0.952108,0.913426,0.842739,0.747674,0.637834,0.65978,0.766848,0.85826,0.924582,0.958416,0.955751,0.916741,0.845682,0.750223,0.639988,0.638837,0.741831,0.829699,0.893367,0.925721,0.922911,0.885093,0.816413,0.724243,0.617855,0.595141,0.690403,0.771616,0.830392,0.860154,0.857344,0.822112,0.758299,0.672734,0.574002,0.533486,0.618206,0.690388,0.742575,0.768921,0.766261,0.734731,0.677747,0.601384,0.513286,0.460202,0.532655,0.594356,0.638935,0.661393,0.659023,0.631934,0.583044,0.517543,0.441966
0.403625,0.472754,0.53234,0.576313,0.599892,0.60045,0.578005,0.535214,0.476865,0.409003,0.478402,0.560324,0.630917,0.68298,0.710838,0.711366,0.684582,0.633635,0.564205,0.483471,0.545728,0.639168,0.719672,0.779017,0.810721,0.811212,0.780505,0.722191,0.642755,0.550396,0.599186,0.701775,0.79015,0.855277,0.890033,0.890488,0.856653,0.792468,0.705059,0.603434,0.633269,0.741694,0.835091,0.903909,0.940611,0.941039,0.905199,0.837251,0.744728,0.637156,0.64431,0.754634,0.849668,0.919691,0.957029,0.957447,0.920945,0.851751,0.757526,0.647967,0.631141,0.739226,0.83234,0.900958,0.93756,0.937992,0.902246,0.834459,0.74213,0.634754,0.595289,0.697261,0.785124,0.849895,0.884478,0.884951,0.851298,0.787412,0.700356,0.599081,0.540694,0.63335,0.713212,0.772121,0.80363,0.804171,0.77372,0.715802,0.63682,0.544891,0.47299,0.554094,0.624033,0.675672,0.703372,0.704005,0.67754,0.627044,0.558102,0.477796
0.458222,0.532978,0.596791,0.643149,0.666957,0.665458,0.638763,0.58983,0.523924,0.447672,0.532908,0.62036,0.695102,0.749506,0.777601,0.776144,0.745243,0.68834,0.611573,0.522679,0.596212,0.694566,0.778718,0.840084,0.871931,0.870598,0.836184,0.772537,0.686539,0.586876,0.641636,0.747979,0.839059,0.905586,0.940271,0.939134,0.902261,0.83379,0.741143,0.633692,0.664178,0.774719,0.869481,0.938806,0.975099,0.97421,0.936205,0.865365,0.769383,0.657983,0.661244,0.77171,0.866489,0.935924,0.972416,0.9718,0.934123,0.86364,0.76802,0.656964,0.633134,0.73926,0.830389,0.897238,0.932497,0.93215,0.896224,0.828789,0.737191,0.630736,0.582995,0.681013,0.765242,0.827106,0.859845,0.859738,0.826794,0.764753,0.680384,0.582266,0.516237,0.603269,0.678109,0.733141,0.762357,0.762442,0.73339,0.678507,0.603788,0.516839,0.439573,0.513864,0.577789,0.624848,0.649907,0.650126,0.62549,0.578808,0.515186,0.441103
0.313015,0.379116,0.441851,0.495558,0.534868,0.555594,0.555461,0.534523,0.495144,0.441563,0.376329,0.456139,0.53202,0.597145,0.64502,0.670551,0.670939,0.64619,0.599101,0.534744,0.435171,0.527853,0.616133,0.69209,0.748168,0.778409,0.779504,0.751385,0.697234,0.622892,0.483996,0.587519,0.686304,0.771514,0.834692,0.869137,0.871083,0.840375,0.780493,0.697899,0.517746,0.628965,0.735286,0.827229,0.895687,0.933413,0.936285,0.904053,0.840372,0.75212,0.532703,0.647631,0.757697,0.853118,0.924464,0.964196,0.967978,0.93546,0.870335,0.779645,0.527169,0.641397,0.750993,0.846243,0.91776,0.957998,0.96257,0.93104,0.866993,0.77736,0.501778,0.610979,0.715941,0.807394,0.876344,0.915528,0.920681,0.891299,0.830727,0.745527,0.459381,0.559792,0.656481,0.740936,0.804872,0.841566,0.847026,0.820713,0.765623,0.687733,0.404514,0.49332,0.57899,0.654007,0.711029,0.74407,0.749542,0.726895,0.678714,0.610229
0.216931,0.263965,0.309866,0.350783,0.38284,0.40273,0.408281,0.39884,0.375398,0.340416,0.268129,0.327085,0.384924,0.436843,0.477957,0.504047,0.512273,0.501679,0.473374,0.430333,0.319448,0.390689,0.460949,0.524453,0.575267,0.608202,0.619687,0.608399,0.575511,0.524488,0.366873,0.449863,0.532142,0.607014,0.667531,0.707547,0.722734,0.711357,0.67459,0.616313,0.406174,0.499379,0.592265,0.677352,0.746803,0.793595,0.812686,0.801906,0.762357,0.69822,0.433522,0.534435,0.635522,0.728726,0.805522,0.858184,0.881056,0.871549,0.83062,0.762604,0.446096,0.551428,0.657477,0.755879,0.837699,0.894745,0.920908,0.913238,0.872488,0.802982,0.442563,0.548553,0.655798,0.755928,0.839916,0.899392,0.928007,0.922545,0.883516,0.815071,0.423313,0.526127,0.630668,0.728862,0.811922,0.871606,0.901563,0.898435,0.86248,0.797527,0.390383,0.486525,0.584749,0.67755,0.756682,0.814329,0.844373,0.843456,0.811598,0.752197
0.172384,0.227534,0.29086,0.359494,0.429173,0.494586,0.549998,0.590062,0.610658,0.609583,0.201312,0.266456,0.341183,0.422111,0.504221,0.581265,0.646504,0.693656,0.717884,0.716606,0.226517,0.300434,0.38517,0.476889,0.569911,0.657172,0.731051,0.784446,0.811892,0.810474,0.24546,0.326057,0.418408,0.518337,0.619666,0.714709,0.795182,0.85336,0.883297,0.881825,0.256072,0.340538,0.437296,0.541974,0.648111,0.74767,0.831983,0.89297,0.924409,0.92298,0.257119,0.342218,0.439684,0.545123,0.652033,0.752333,0.837304,0.898813,0.930596,0.929302,0.248441,0.330873,0.425278,0.527408,0.630974,0.728162,0.810533,0.870217,0.901144,0.90006,0.23098,0.307761,0.395695,0.49083,0.587322,0.677899,0.754711,0.810428,0.839393,0.838565,0.206612,0.275389,0.354159,0.439391,0.525858,0.607056,0.675959,0.726001,0.75211,0.751552,0.177809,0.237058,0.304923,0.378368,0.452898,0.522916,0.582374,0.625617,0.648268,0.647961
0.192938,0.236342,0.280379,0.322481,0.360008,0.390549,0.412187,0.423686,0.424573,0.41513,0.228984,0.280916,0.333817,0.384658,0.4303,0.467847,0.49496,0.510081,0.512545,0.502584,0.261578,0.321445,0.3827,0.441912,0.495489,0.540082,0.572933,0.592148,0.596831,0.587106,0.287585,0.354059,0.422405,0.488884,0.549545,0.600655,0.639083,0.662605,0.670071,0.661443,0.304277,0.37536,0.44882,0.520745,0.586957,0.643446,0.686791,0.714477,0.725094,0.718402,0.309804,0.382995,0.459042,0.534013,0.603654,0.663827,0.710929,0.742224,0.756067,0.751992,0.303536,0.376094,0.451907,0.527175,0.597738,0.659485,0.708765,0.742718,0.759512,0.758457,0.286173,0.355423,0.428198,0.500972,0.569833,0.630852,0.68047,0.715816,0.734943,0.736964,0.259622,0.323249,0.39051,0.458264,0.522973,0.58103,0.629095,0.664398,0.684966,0.689766,0.226648,0.282924,0.342773,0.403509,0.462057,0.515229,0.560016,0.59385,0.614818,0.621807
0.271373,0.27207,0.262473,0.243668,0.217693,0.187177,0.154905,0.123403,0.0946431,0.069891,0.365101,0.366037,0.353131,0.327841,0.292909,0.251869,0.208464,0.166093,0.127407,0.094108,0.472289,0.473507,0.456828,0.424136,0.378974,0.325911,0.269785,0.214989,0.164952,0.121876,0.587416,0.588949,0.568236,0.527615,0.471486,0.405527,0.33575,0.267617,0.20539,0.151808,0.702461,0.704327,0.679607,0.631091,0.564031,0.485211,0.401811,0.320359,0.245951,0.181862,0.80767,0.809864,0.781514,0.725815,0.648797,0.558247,0.462412,0.368792,0.283245,0.209539,0.892848,0.895339,0.864093,0.802629,0.717599,0.617594,0.511723,0.408268,0.313703,0.232198,0.948966,0.951696,0.918601,0.853407,0.763165,0.65699,0.544549,0.434636,0.334132,0.247471,0.969732,0.972618,0.938933,0.872466,0.780402,0.672036,0.55723,0.444964,0.342264,0.253667,0.952752,0.955693,0.922744,0.85761,0.767326,0.661003,0.548314,0.43807,0.337172,0.250083
0.269037,0.289544,0.300421,0.300491,0.289731,0.269278,0.24123,0.208292,0.173343,0.139034,0.351868,0.377391,0.39023,0.388992,0.373791,0.346231,0.309127,0.266027,0.220658,0.176402,0.444278,0.474871,0.489349,0.486134,0.46555,0.429765,0.382415,0.327993,0.271148,0.216047,0.541538,0.576854,0.592413,0.586516,0.559773,0.514993,0.456703,0.390389,0.321647,0.255429,0.637232,0.676481,0.692365,0.683143,0.649778,0.59577,0.526549,0.448572,0.36834,0.291528,0.72385,0.765839,0.781169,0.768152,0.728159,0.665373,0.586072,0.497592,0.407213,0.321209,0.793723,0.836953,0.850835,0.833837,0.787753,0.717394,0.629755,0.532872,0.434611,0.341664,0.840123,0.882943,0.894594,0.873785,0.822718,0.746712,0.653279,0.550909,0.447804,0.350847,0.85832,0.899114,0.907973,0.883906,0.829469,0.750315,0.654225,0.549848,0.445435,0.347812,0.846377,0.883744,0.889544,0.863119,0.807282,0.727815,0.632485,0.529793,0.427744,0.332874
0.402466,0.464482,0.516258,0.552488,0.569186,0.564406,0.538614,0.494611,0.437029,0.371522,0.480217,0.553218,0.613871,0.655956,0.674838,0.668309,0.637009,0.58432,0.515763,0.438033,0.55239,0.6351,0.703445,0.750407,0.77081,0.762258,0.725592,0.664756,0.586088,0.497226,0.612766,0.702978,0.777058,0.827391,0.848423,0.837671,0.796197,0.728438,0.641411,0.543511,0.655747,0.750485,0.82773,0.87953,0.900165,0.887181,0.841866,0.769039,0.676195,0.572222,0.677233,0.773045,0.850531,0.901707,0.920912,0.905843,0.858,0.782438,0.68688,0.580399,0.675271,0.768604,0.843387,0.891901,0.908773,0.891956,0.843128,0.767416,0.672497,0.567303,0.650349,0.737945,0.807385,0.851492,0.865374,0.847317,0.79913,0.725835,0.634804,0.534517,0.605264,0.684488,0.746527,0.784958,0.795511,0.776852,0.73085,0.662269,0.577942,0.485638,0.544606,0.613673,0.667003,0.699063,0.706285,0.687718,0.645225,0.583172,0.507683,0.425628
0.317446,0.377063,0.431356,0.475171,0.503948,0.5145,0.505596,0.478192,0.435265,0.381273,0.386533,0.458921,0.524847,0.578061,0.613031,0.625883,0.615112,0.581865,0.529741,0.464144,0.453161,0.537745,0.614773,0.676956,0.717836,0.732884,0.720328,0.681494,0.62057,0.54386,0.511585,0.6067,0.693305,0.763221,0.809192,0.826125,0.812016,0.768339,0.699787,0.613435,0.556209,0.659146,0.75285,0.828487,0.878217,0.896526,0.881239,0.833931,0.759665,0.666084,0.582474,0.689696,0.787265,0.865998,0.917744,0.936766,0.920785,0.871431,0.793958,0.696314,0.587631,0.695132,0.792905,0.871767,0.92356,0.942539,0.926417,0.876813,0.798979,0.700872,0.571218,0.674972,0.769272,0.845279,0.895142,0.913325,0.89762,0.849578,0.774256,0.679323,0.535132,0.631534,0.719076,0.789571,0.835743,0.852463,0.837681,0.792834,0.722609,0.634124,0.483265,0.569506,0.647736,0.710654,0.751775,0.766525,0.753075,0.71271,0.649616,0.570158
0.319386,0.358309,0.386713,0.401512,0.401033,0.38532,0.356136,0.316634,0.270794,0.222768,0.405487,0.45457,0.490227,0.508579,0.507547,0.487239,0.449936,0.399664,0.341484,0.280653,0.496062,0.555693,0.598814,0.620724,0.61894,0.593656,0.547714,0.486069,0.414921,0.340682,0.58476,0.654555,0.704787,0.729972,0.727253,0.696932,0.642417,0.569588,0.485756,0.398461,0.664177,0.742878,0.799247,0.82712,0.823333,0.788311,0.725991,0.643092,0.547924,0.449025,0.726835,0.81233,0.873263,0.902964,0.898057,0.859098,0.790467,0.699559,0.595474,0.487525,0.766328,0.855799,0.919248,0.949719,0.943747,0.902011,0.829204,0.733167,0.623496,0.50998,0.778394,0.868592,0.932235,0.962334,0.955464,0.912409,0.838011,0.740276,0.628956,0.513959,0.761672,0.849267,0.910759,0.939384,0.931885,0.889118,0.815893,0.720083,0.611234,0.499008,0.717958,0.799902,0.85713,0.883342,0.87555,0.834647,0.765233,0.674766,0.572244,0.466742
0.318082,0.37449,0.424617,0.463553,0.487147,0.492739,0.47965,0.44932,0.405037,0.351351,0.381674,0.450501,0.511968,0.560079,0.589727,0.597588,0.582738,0.546825,0.493767,0.429042,0.442167,0.523116,0.595757,0.653033,0.688891,0.699332,0.683151,0.64216,0.580853,0.505589,0.494521,0.586326,0.669098,0.734833,0.776614,0.789804,0.7729,0.727808,0.659493,0.57507,0.533926,0.634359,0.725334,0.798102,0.845036,0.860952,0.84405,0.796252,0.722836,0.631477,0.556535,0.66255,0.759036,0.836764,0.887624,0.906019,0.889885,0.841065,0.764968,0.669575,0.560081,0.668095,0.766872,0.847016,0.900206,0.920611,0.90595,0.857911,0.781828,0.685707,0.544259,0.650509,0.748145,0.827939,0.881644,0.903396,0.890771,0.845233,0.771849,0.678365,0.510756,0.611687,0.704896,0.78163,0.833998,0.856303,0.846068,0.804486,0.736196,0.648426,0.462956,0.555569,0.641528,0.712819,0.762147,0.784165,0.776434,0.739864,0.678544,0.59898
0.179781,0.214598,0.246628,0.272858,0.290579,0.297842,0.29381,0.278919,0.254801,0.223984,0.233357,0.279006,0.321162,0.355877,0.379574,0.389649,0.384947,0.365976,0.334817,0.294751,0.292371,0.350126,0.403662,0.447982,0.478532,0.491962,0.486734,0.463414,0.424566,0.374293,0.353542,0.42405,0.489642,0.54422,0.58219,0.599396,0.593873,0.566217,0.519479,0.45861,0.412572,0.495617,0.57314,0.637964,0.683457,0.70465,0.699131,0.667494,0.613238,0.542129,0.464582,0.55894,0.647319,0.721566,0.774106,0.799212,0.794032,0.759125,0.698363,0.618221,0.504756,0.608169,0.705342,0.787344,0.845831,0.874439,0.869928,0.832784,0.767141,0.680014,0.529064,0.638374,0.741406,0.828728,0.891476,0.922837,0.919269,0.88116,0.81276,0.721403,0.534924,0.646346,0.751684,0.841328,0.906205,0.939285,0.936842,0.899145,0.830412,0.738034,0.521651,0.631164,0.734996,0.823708,0.888347,0.921924,0.920668,0.884724,0.818126,0.728056
0.172006,0.217079,0.263726,0.308429,0.347241,0.376345,0.392672,0.394432,0.381437,0.355136,0.218433,0.275733,0.335069,0.391972,0.441428,0.47858,0.499512,0.501932,0.48558,0.452277,0.266923,0.337021,0.40965,0.479355,0.540002,0.585645,0.611477,0.614671,0.594882,0.554315,0.313889,0.396413,0.481968,0.564144,0.635722,0.689694,0.720383,0.724432,0.701402,0.653858,0.355237,0.448739,0.545735,0.638977,0.72029,0.781724,0.816826,0.821758,0.795984,0.742372,0.386942,0.488907,0.594752,0.696588,0.785507,0.852827,0.891487,0.897261,0.869522,0.811354,0.405688,0.512721,0.623904,0.730972,0.82458,0.895606,0.936609,0.94311,0.914401,0.853673,0.409448,0.517606,0.630037,0.738411,0.833291,0.905448,0.947331,0.954372,0.925801,0.864789,0.397836,0.50306,0.612524,0.718145,0.810746,0.881341,0.922552,0.929888,0.902546,0.843558,0.372181,0.470748,0.573369,0.672491,0.759528,0.826048,0.865114,0.87247,0.84731,0.792421
0.15234,0.194085,0.237964,0.280794,0.318891,0.348584,0.366801,0.371596,0.362507,0.340629,0.195278,0.248654,0.304695,0.359311,0.407785,0.445421,0.468299,0.473956,0.461828,0.433352,0.241218,0.30699,0.37597,0.443103,0.502563,0.548566,0.576298,0.582748,0.567261,0.531647,0.28713,0.365235,0.447066,0.526599,0.596908,0.65113,0.683564,0.690672,0.671715,0.628888,0.329346,0.418729,0.512285,0.6031,0.68324,0.744858,0.781457,0.789022,0.766755,0.717216,0.364023,0.462598,0.565678,0.665622,0.753672,0.821184,0.861021,0.868797,0.84368,0.788543,0.387706,0.49247,0.601926,0.707933,0.801181,0.872497,0.914323,0.922043,0.894822,0.835759,0.397897,0.505196,0.617206,0.725576,0.820766,0.893395,0.935756,0.943162,0.914805,0.853906,0.393489,0.499394,0.609863,0.71664,0.810308,0.881625,0.923011,0.929881,0.901483,0.841033,0.374962,0.475697,0.5807,0.682105,0.770958,0.838479,0.877489,0.883661,0.856317,0.79855
0.237735,0.283145,0.324976,0.359501,0.383389,0.394235,0.390963,0.373997,0.345176,0.307425,0.283456,0.338717,0.390144,0.433249,0.463936,0.479155,0.477396,0.458935,0.425773,0.381276,0.326592,0.391673,0.452895,0.505026,0.5432,0.563667,0.564399,0.545424,0.508797,0.458238,0.363714,0.437913,0.5085,0.569582,0.615561,0.641976,0.64622,0.627961,0.589179,0.533813,0.391633,0.473545,0.552382,0.621728,0.675345,0.708101,0.716776,0.700584,0.661284,0.602871,0.407852,0.495436,0.580749,0.657031,0.71756,0.75662,0.770393,0.757569,0.719551,0.660204,0.410943,0.501669,0.59113,0.672441,0.738586,0.783411,0.80256,0.794176,0.759194,0.701171,0.400749,0.491816,0.582731,0.666715,0.736681,0.786217,0.810548,0.807293,0.776849,0.722315,0.378384,0.466972,0.556523,0.640577,0.712209,0.76496,0.79379,0.795871,0.771046,0.721847,0.346028,0.429559,0.515059,0.596573,0.667557,0.721719,0.753939,0.761063,0.742414,0.6999
0.293412,0.309467,0.316378,0.313403,0.300714,0.279383,0.251239,0.218604,0.183972,0.149699,0.367736,0.3863,0.39335,0.388112,0.37095,0.343325,0.307597,0.266681,0.223661,0.181395,0.446573,0.467121,0.473626,0.465348,0.442914,0.408247,0.364293,0.314603,0.262856,0.212409,0.525694,0.547421,0.552559,0.540475,0.512137,0.469982,0.417571,0.359092,0.298797,0.240495,0.600092,0.621972,0.624866,0.608335,0.573744,0.524072,0.463493,0.396784,0.328703,0.263432,0.664475,0.685359,0.685192,0.663807,0.623003,0.566297,0.498416,0.424642,0.350129,0.279314,0.71387,0.732611,0.728744,0.702434,0.655919,0.5932,0.519462,0.440357,0.361289,0.286815,0.744246,0.759835,0.751909,0.720998,0.669748,0.602548,0.524897,0.442653,0.3613,0.28536,0.753048,0.764736,0.75274,0.717957,0.663371,0.593625,0.51436,0.43145,0.35028,0.275194,0.739559,0.746938,0.731225,0.693653,0.637436,0.567317,0.48889,0.407851,0.329317,0.25732
0.301228,0.33211,0.354705,0.366737,0.366843,0.35482,0.331692,0.299563,0.261295,0.220068,0.372619,0.408009,0.433022,0.445129,0.442923,0.426372,0.396873,0.357047,0.310351,0.26056,0.446941,0.485832,0.512124,0.523153,0.517577,0.495634,0.459154,0.411303,0.35612,0.29793,0.519796,0.560697,0.586787,0.595406,0.58541,0.5574,0.513688,0.457974,0.394822,0.329014,0.586186,0.627253,0.651465,0.656328,0.641027,0.60661,0.555881,0.493028,0.423035,0.351007,0.641073,0.680308,0.700981,0.700926,0.679771,0.639056,0.582058,0.513358,0.438219,0.361898,0.680008,0.715502,0.731221,0.725463,0.698376,0.651997,0.590009,0.517255,0.439107,0.360791,0.699719,0.72989,0.739691,0.727971,0.695425,0.644541,0.579297,0.504645,0.425885,0.348028,0.698562,0.72235,0.725849,0.7085,0.671509,0.617724,0.551276,0.477055,0.400115,0.325098,0.676735,0.693705,0.691145,0.669061,0.629087,0.574297,0.508817,0.437312,0.36444,0.29435
0.28057,0.323287,0.358284,0.381904,0.391527,0.386049,0.366092,0.333887,0.292861,0.247043,0.346766,0.399005,0.441592,0.470067,0.481267,0.473908,0.448828,0.408823,0.358141,0.301739,0.415356,0.477156,0.527243,0.560358,0.572822,0.563205,0.532599,0.484413,0.423748,0.356508,0.482345,0.553102,0.610062,0.647229,0.660468,0.648263,0.611998,0.555704,0.485316,0.407652,0.54327,0.621709,0.684371,0.724641,0.738034,0.723015,0.681289,0.61748,0.53829,0.451343,0.59368,0.677915,0.74463,0.786765,0.79962,0.781723,0.735103,0.664911,0.57849,0.484104,0.629679,0.717344,0.786122,0.828709,0.840351,0.819712,0.769131,0.694182,0.602665,0.503273,0.648411,0.736871,0.805556,0.84715,0.857002,0.833981,0.780694,0.702993,0.608925,0.507358,0.648434,0.735018,0.801495,0.840761,0.848419,0.82359,0.76908,0.690858,0.59698,0.496227,0.629893,0.712131,0.774515,0.810355,0.815632,0.78974,0.7356,0.659122,0.568137,0.471086
0.270879,0.305603,0.331575,0.345998,0.347264,0.335251,0.311344,0.278168,0.239118,0.197788,0.353673,0.398932,0.432743,0.451457,0.452986,0.437186,0.405876,0.362494,0.311481,0.25753,0.443982,0.500712,0.543042,0.566404,0.568187,0.548223,0.508811,0.45428,0.390211,0.322497,0.535885,0.604264,0.655237,0.683296,0.685303,0.66107,0.613388,0.547495,0.470133,0.388419,0.621904,0.701167,0.760202,0.792626,0.794811,0.766554,0.711107,0.634565,0.544757,0.449945,0.693952,0.78231,0.848073,0.884124,0.886428,0.854773,0.792802,0.707328,0.607094,0.501317,0.744558,0.839284,0.909746,0.948316,0.950674,0.916606,0.850034,0.758275,0.650717,0.537248,0.768143,0.865811,0.938431,0.978138,0.980486,0.945262,0.876524,0.781825,0.670855,0.553814,0.762033,0.858886,0.930881,0.970221,0.9725,0.937513,0.869291,0.775333,0.665251,0.549164,0.726961,0.819341,0.888004,0.925516,0.927675,0.89429,0.829208,0.739583,0.634585,0.523862
0.261412,0.295313,0.321568,0.337339,0.340805,0.331497,0.310389,0.279727,0.242617,0.202506,0.338124,0.381838,0.415566,0.435671,0.439841,0.427514,0.399994,0.360209,0.312189,0.260386,0.421443,0.47571,0.51742,0.542083,0.54687,0.531141,0.496569,0.446838,0.386979,0.322532,0.506195,0.571059,0.620717,0.649828,0.655065,0.635727,0.593885,0.533997,0.462118,0.38488,0.585895,0.66055,0.717467,0.750534,0.755979,0.733076,0.684286,0.614809,0.531659,0.44249,0.65351,0.736249,0.799061,0.835207,0.840573,0.814444,0.759635,0.681987,0.589327,0.490157,0.702461,0.790768,0.857512,0.895538,0.90053,0.871817,0.812503,0.728905,0.629434,0.52319,0.72768,0.818447,0.88674,0.925243,0.929598,0.899212,0.837379,0.75068,0.647818,0.538173,0.726468,0.816323,0.883615,0.921143,0.92467,0.89371,0.831624,0.745014,0.642554,0.533555,0.698976,0.784653,0.848512,0.883727,0.886335,0.855967,0.795928,0.712596,0.614295,0.509923
0.254041,0.295591,0.331063,0.356876,0.370236,0.369639,0.355147,0.328378,0.292204,0.250247,0.317634,0.369417,0.413556,0.44558,0.462018,0.46101,0.442661,0.409015,0.363684,0.311201,0.384303,0.446768,0.499931,0.538399,0.55799,0.556483,0.534031,0.493134,0.43818,0.374664,0.450029,0.522973,0.584969,0.629716,0.65234,0.650268,0.623709,0.575622,0.511162,0.436771,0.510167,0.592645,0.662655,0.713068,0.738384,0.735717,0.705339,0.650628,0.57745,0.493116,0.559968,0.650281,0.72685,0.781867,0.809322,0.806078,0.772466,0.712225,0.631808,0.539247,0.59519,0.690972,0.772087,0.830255,0.859111,0.855357,0.819376,0.755167,0.66961,0.571244,0.612683,0.711081,0.794325,0.853908,0.883307,0.879156,0.841881,0.775625,0.687486,0.586254,0.610856,0.708779,0.791541,0.850678,0.879709,0.875311,0.837937,0.771741,0.683812,0.582916,0.589906,0.684312,0.76403,0.8209,0.84869,0.844215,0.807942,0.743903,0.658952,0.561555
0.173424,0.19761,0.217414,0.230798,0.236249,0.233062,0.221487,0.202697,0.178583,0.151434,0.227979,0.260706,0.287676,0.306109,0.313934,0.310167,0.295115,0.270332,0.238346,0.202229,0.290912,0.333657,0.369054,0.393456,0.404132,0.399769,0.380733,0.349022,0.307907,0.261369,0.359961,0.413848,0.458644,0.489732,0.503644,0.498694,0.475314,0.435989,0.384813,0.326776,0.431477,0.49705,0.551726,0.589869,0.607235,0.601746,0.573896,0.526677,0.465043,0.395035,0.500607,0.57762,0.641991,0.687085,0.707896,0.701957,0.669819,0.614969,0.543192,0.461556,0.561749,0.649034,0.722135,0.773522,0.797498,0.791244,0.755359,0.693764,0.612987,0.521013,0.609262,0.704711,0.784785,0.841237,0.86782,0.861429,0.822693,0.755872,0.668075,0.568006,0.638304,0.738996,0.823592,0.883385,0.911769,0.90545,0.865065,0.795078,0.70296,0.597865,0.645642,0.748094,0.834286,0.89535,0.924556,0.91853,0.877896,0.807166,0.71391,0.607412
0.163826,0.208005,0.254518,0.300142,0.341121,0.373654,0.394475,0.401388,0.39365,0.372103,0.204933,0.260626,0.319435,0.377325,0.429561,0.471322,0.498427,0.508022,0.499075,0.472562,0.246746,0.314322,0.38589,0.456589,0.520674,0.57226,0.606197,0.618919,0.609057,0.577687,0.28596,0.364884,0.448716,0.531821,0.607493,0.668816,0.709688,0.72582,0.715479,0.679793,0.318999,0.407725,0.502247,0.596276,0.682281,0.752437,0.799788,0.819373,0.80909,0.770061,0.342541,0.438557,0.541146,0.643555,0.73764,0.814888,0.867663,0.890447,0.880795,0.839762,0.354072,0.454093,0.561277,0.668644,0.767722,0.849589,0.906182,0.931598,0.923109,0.881644,0.352325,0.45263,0.560436,0.668801,0.76924,0.852757,0.911156,0.938359,0.931448,0.891181,0.337512,0.434354,0.538746,0.644046,0.742072,0.824094,0.882093,0.910045,0.904956,0.867387,0.311282,0.401304,0.498634,0.597154,0.689273,0.766833,0.822281,0.849873,0.846656,0.812987
0.0776144,0.105879,0.138896,0.175216,0.212547,0.247929,0.27809,0.299932,0.311053,0.310182,0.102373,0.139705,0.183337,0.23136,0.280751,0.327598,0.367575,0.396577,0.411417,0.4104,0.129859,0.177281,0.232732,0.293799,0.356644,0.416299,0.467259,0.504298,0.523346,0.522228,0.15842,0.216353,0.284129,0.35881,0.435717,0.508778,0.571258,0.616755,0.640273,0.639128,0.185869,0.253934,0.333607,0.421447,0.511964,0.598025,0.671706,0.725463,0.753398,0.752322,0.209733,0.286647,0.376726,0.476097,0.578565,0.676072,0.759649,0.820748,0.85267,0.851772,0.227617,0.311209,0.409163,0.517287,0.62886,0.735124,0.826317,0.893122,0.928219,0.927607,0.23759,0.324973,0.427426,0.540589,0.657446,0.768842,0.864563,0.934835,0.971966,0.971726,0.238533,0.326394,0.42947,0.543393,0.661126,0.773464,0.87012,0.941239,0.979042,0.979225,0.230345,0.315322,0.415075,0.525401,0.639506,0.74849,0.842392,0.911647,0.948687,0.949298
0.0833141,0.105618,0.12954,0.153743,0.176599,0.196345,0.211307,0.220124,0.221946,0.216572,0.103782,0.132448,0.163567,0.195496,0.22616,0.253249,0.274492,0.28796,0.292349,0.287186,0.125416,0.161163,0.200429,0.24126,0.281099,0.317013,0.346024,0.365506,0.373568,0.369347,0.147033,0.190269,0.238311,0.288911,0.339016,0.385019,0.423152,0.449976,0.462878,0.460488,0.167215,0.217926,0.274902,0.335642,0.396621,0.453545,0.501808,0.537071,0.555899,0.556296,0.184458,0.242115,0.307587,0.378189,0.449976,0.518007,0.576837,0.621203,0.646777,0.650858,0.197343,0.260868,0.33374,0.41317,0.49489,0.573395,0.642475,0.695976,0.728678,0.737132,0.204723,0.272523,0.35105,0.43751,0.527432,0.614887,0.693033,0.754938,0.794568,0.807741,0.20589,0.275961,0.357857,0.448875,0.544485,0.638513,0.723681,0.792467,0.83817,0.855971,0.200682,0.27078,0.353405,0.446034,0.544229,0.641776,0.7312,0.804638,0.854941,0.876808
0.143943,0.156774,0.164818,0.167212,0.163662,0.154507,0.140662,0.123466,0.104468,0.0851961,0.191456,0.20828,0.218703,0.2216,0.216614,0.204222,0.185664,0.162735,0.137495,0.111965,0.247762,0.269231,0.282368,0.285751,0.278955,0.262637,0.238432,0.20868,0.17605,0.143141,0.311971,0.338636,0.354744,0.358547,0.349557,0.328653,0.297932,0.260364,0.219312,0.178033,0.382229,0.414463,0.43368,0.437784,0.426241,0.400188,0.362245,0.316081,0.26582,0.215434,0.455687,0.493613,0.515915,0.520153,0.505762,0.474171,0.428568,0.373363,0.313481,0.253634,0.52861,0.57204,0.597217,0.601378,0.583952,0.546687,0.493352,0.429111,0.359684,0.290513,0.596629,0.645029,0.672675,0.676523,0.656028,0.613263,0.552569,0.479826,0.401503,0.323712,0.655128,0.707613,0.737137,0.740438,0.717026,0.66929,0.602094,0.521954,0.435986,0.350873,0.699719,0.755094,0.785754,0.788303,0.762333,0.710517,0.638154,0.55227,0.460482,0.369895
0.189204,0.211848,0.228802,0.238285,0.239228,0.231472,0.215807,0.193832,0.167691,0.139716,0.24822,0.277216,0.298679,0.310349,0.310907,0.300218,0.279363,0.250463,0.216314,0.179937,0.315257,0.351152,0.377394,0.391215,0.391045,0.376804,0.34993,0.313139,0.269962,0.224186,0.387736,0.430704,0.461696,0.477435,0.476123,0.457779,0.424249,0.378899,0.32605,0.27029,0.461941,0.511685,0.547037,0.564252,0.56135,0.538494,0.497977,0.44384,0.381198,0.315432,0.533279,0.588983,0.627933,0.645991,0.641068,0.613512,0.56608,0.503471,0.431547,0.356421,0.596749,0.657097,0.698542,0.716671,0.709366,0.677206,0.623395,0.553226,0.473209,0.390067,0.647533,0.710794,0.753378,0.770738,0.760826,0.724476,0.665294,0.589058,0.502774,0.4136,0.681617,0.745794,0.788033,0.803816,0.791252,0.751441,0.688319,0.607997,0.517781,0.425056,0.696336,0.759352,0.799784,0.813299,0.798247,0.755983,0.690664,0.608566,0.517069,0.423561
0.215274,0.228922,0.234207,0.23056,0.218424,0.199169,0.174834,0.147778,0.120301,0.0943474,0.295068,0.313534,0.320494,0.315192,0.298266,0.271625,0.238093,0.200915,0.163254,0.127762,0.389076,0.413144,0.421991,0.414647,0.391992,0.356578,0.312157,0.263031,0.213372,0.166671,0.493508,0.523723,0.534575,0.524869,0.495759,0.450523,0.393954,0.331528,0.268544,0.209418,0.602112,0.638641,0.651485,0.639225,0.60331,0.547783,0.478527,0.402245,0.325406,0.253389,0.706582,0.749103,0.763772,0.748956,0.706403,0.640899,0.559384,0.469748,0.379586,0.295198,0.797507,0.845162,0.861322,0.844181,0.795754,0.721486,0.629247,0.527961,0.426207,0.331082,0.865733,0.917149,0.934322,0.915325,0.862384,0.781453,0.681104,0.571047,0.460598,0.357451,0.903873,0.957277,0.974881,0.954703,0.899104,0.814333,0.709371,0.594372,0.479066,0.371474,0.907634,0.961032,0.978441,0.957897,0.901797,0.816446,0.710887,0.59533,0.479549,0.371592
0.175578,0.188362,0.194534,0.193412,0.185129,0.1706,0.151359,0.129294,0.106342,0.0842167,0.242225,0.259279,0.267166,0.265018,0.253083,0.232678,0.205953,0.175516,0.144017,0.113782,0.322487,0.344429,0.354113,0.350471,0.333922,0.306291,0.27048,0.229965,0.188249,0.148375,0.414316,0.441549,0.452966,0.447308,0.425225,0.389148,0.342856,0.290821,0.237506,0.186755,0.513631,0.546236,0.559156,0.550968,0.522606,0.477192,0.41947,0.354988,0.289233,0.226894,0.614383,0.652046,0.666075,0.654924,0.619866,0.564756,0.495333,0.418239,0.339987,0.266089,0.709023,0.751,0.765609,0.751239,0.70953,0.645064,0.564536,0.475615,0.385758,0.301223,0.789357,0.834504,0.849085,0.831493,0.783734,0.711048,0.620967,0.522031,0.422477,0.32916,0.847691,0.894551,0.90849,0.887973,0.835338,0.756355,0.659189,0.553011,0.4466,0.347204,0.878023,0.924968,0.937722,0.914883,0.859053,0.776347,0.675294,0.565393,0.45567,0.353519
0.191751,0.212283,0.227278,0.235184,0.23512,0.227031,0.2117,0.190613,0.165712,0.139097,0.251128,0.277937,0.297369,0.307437,0.307047,0.296189,0.275932,0.248246,0.215679,0.180959,0.319212,0.353064,0.377393,0.389741,0.388798,0.374626,0.348642,0.31338,0.272071,0.228157,0.393662,0.435006,0.464447,0.47904,0.477272,0.459311,0.426976,0.383419,0.332618,0.278771,0.470798,0.519652,0.554098,0.570724,0.567842,0.545767,0.50675,0.454594,0.394037,0.330048,0.545772,0.601626,0.640601,0.658871,0.654619,0.628334,0.582714,0.522197,0.452254,0.378574,0.61297,0.674759,0.717417,0.736787,0.730986,0.700699,0.649044,0.581037,0.502789,0.420615,0.666655,0.732796,0.777963,0.79779,0.790388,0.756645,0.700041,0.626058,0.541307,0.452568,0.701745,0.770248,0.816521,0.836122,0.827228,0.790909,0.730918,0.653045,0.56421,0.471458,0.714597,0.783238,0.82911,0.84784,0.837727,0.799992,0.738534,0.659268,0.569194,0.475398
0.154606,0.184012,0.210672,0.232012,0.245789,0.250478,0.245549,0.231567,0.210088,0.183368,0.194888,0.232475,0.266761,0.294458,0.312669,0.319385,0.313848,0.296695,0.269837,0.236107,0.238811,0.285522,0.328392,0.36334,0.386731,0.395989,0.390074,0.369668,0.337047,0.295668,0.284575,0.341026,0.39315,0.436027,0.465216,0.477517,0.471547,0.447997,0.409502,0.360153,0.329866,0.396217,0.457853,0.508999,0.544387,0.560151,0.554521,0.528152,0.484,0.426772,0.372022,0.447877,0.518758,0.578076,0.619755,0.639258,0.634398,0.605744,0.556514,0.491974,0.408273,0.492621,0.571892,0.638776,0.68646,0.70977,0.706097,0.675876,0.622504,0.551711,0.436032,0.527257,0.613468,0.686778,0.739764,0.766697,0.764563,0.733623,0.67736,0.601829,0.453196,0.549151,0.640316,0.718422,0.775602,0.805697,0.805341,0.774593,0.716914,0.638528,0.458408,0.556559,0.650287,0.731161,0.791083,0.823617,0.825131,0.795465,0.737958,0.658831
0.131465,0.155178,0.177221,0.195767,0.209126,0.216002,0.215703,0.208253,0.194389,0.17544,0.175747,0.207635,0.237355,0.262451,0.280638,0.29015,0.290023,0.280257,0.261815,0.236463,0.226555,0.267923,0.306591,0.339371,0.363285,0.37601,0.376253,0.363964,0.34035,0.307673,0.281642,0.333422,0.38197,0.423301,0.453671,0.470131,0.471003,0.456162,0.427058,0.386478,0.337674,0.400211,0.459035,0.509344,0.546593,0.56717,0.568977,0.551779,0.517249,0.468692,0.390503,0.463385,0.532176,0.591292,0.635413,0.66027,0.66333,0.644215,0.604774,0.548783,0.435641,0.517612,0.595261,0.662325,0.712796,0.741805,0.746398,0.726027,0.682655,0.620429,0.468891,0.557873,0.64248,0.715937,0.771694,0.804393,0.810708,0.789908,0.743982,0.677321,0.486994,0.580234,0.669236,0.746923,0.806412,0.842004,0.850092,0.829755,0.782926,0.714079,0.488159,0.582484,0.67288,0.752222,0.813518,0.850926,0.860665,0.841643,0.795655,0.727091
0.118853,0.151996,0.18741,0.222781,0.255312,0.282069,0.300412,0.308419,0.305222,0.291158,0.150754,0.193077,0.238436,0.283908,0.325932,0.360748,0.384942,0.39599,0.392698,0.375411,0.184549,0.23672,0.292806,0.349244,0.401663,0.445413,0.476226,0.490908,0.487874,0.467439,0.2181,0.280196,0.347164,0.414813,0.477965,0.531065,0.568969,0.587766,0.585435,0.562211,0.248895,0.320279,0.397514,0.475845,0.549349,0.611617,0.656661,0.679855,0.678717,0.653349,0.274355,0.353636,0.439701,0.527343,0.610015,0.680581,0.732303,0.759898,0.760426,0.733804,0.292196,0.377287,0.469975,0.564752,0.654632,0.731933,0.789331,0.820996,0.823568,0.796741,0.300763,0.389047,0.485546,0.584637,0.679114,0.760986,0.822558,0.857613,0.862444,0.836505,0.299291,0.387859,0.485012,0.585199,0.68124,0.765099,0.828956,0.866403,0.8735,0.849454,0.288011,0.373952,0.468562,0.566546,0.660986,0.744067,0.808107,0.846719,0.855856,0.834513
0.117163,0.15377,0.194583,0.237438,0.279427,0.31719,0.347348,0.366997,0.374173,0.368172,0.149039,0.195514,0.247283,0.301589,0.354731,0.402445,0.440454,0.465092,0.473896,0.466006,0.182679,0.239559,0.302882,0.369261,0.434162,0.49237,0.538659,0.568564,0.579093,0.569223,0.215699,0.282785,0.357439,0.435659,0.512096,0.580601,0.63502,0.670105,0.682348,0.670561,0.245315,0.321544,0.406347,0.495173,0.581944,0.659677,0.721391,0.761136,0.774942,0.761472,0.268723,0.352159,0.44496,0.542143,0.637056,0.722064,0.789537,0.832972,0.848038,0.833279,0.28354,0.371507,0.469331,0.571755,0.671774,0.761345,0.832433,0.878197,0.894078,0.878546,0.288215,0.377556,0.476887,0.580872,0.682403,0.773321,0.84548,0.891942,0.908088,0.892367,0.282301,0.369717,0.466886,0.568588,0.667873,0.756771,0.827325,0.872763,0.888573,0.873246,0.266527,0.348952,0.440543,0.53638,0.629917,0.713652,0.780099,0.82289,0.837785,0.823367
0.0366846,0.0511199,0.0685503,0.0884564,0.109834,0.131229,0.150867,0.166892,0.177644,0.181948,0.0512441,0.0713497,0.0955962,0.123247,0.152895,0.182506,0.209619,0.231658,0.246339,0.252052,0.0690726,0.0960982,0.128651,0.165724,0.205411,0.244975,0.28111,0.310375,0.329727,0.337046,0.0898266,0.124881,0.167056,0.215025,0.266299,0.317321,0.363809,0.401322,0.425952,0.434996,0.112687,0.156555,0.209276,0.269167,0.333093,0.396593,0.454316,0.500731,0.530993,0.541776,0.136346,0.189303,0.252883,0.325025,0.401923,0.47818,0.547345,0.602772,0.638664,0.651068,0.159089,0.220749,0.294706,0.378531,0.467766,0.556117,0.636081,0.699954,0.74104,0.75481,0.178976,0.248208,0.331173,0.425111,0.52499,0.623731,0.712919,0.783938,0.829327,0.844077,0.194105,0.269054,0.358794,0.460306,0.568116,0.674547,0.770497,0.846674,0.89506,0.910307,0.202905,0.281122,0.374704,0.480466,0.592671,0.703294,0.802845,0.881658,0.931424,0.946633
